Name,Account Age,Tweet count,List count,Location,Followers,Following,Favorites,ID,Created at,Tweet,Retweet count,Likes/Favs,Hashtag count,URL count,Tweet length,Place of tweet,mention count,tweet source
Ryandude5678,2,14025,6,"Earth, obviously.",229,610,15139,1382743491088879620,2021-04-15 17:11:53,"Season 2 is officially complete! I'm super excited to share this with you all tomorrow. 

Stay tuned! üòé https://t.co/2jdK2IPriM",0,0,0,1,127,,0,Twitter Web App
AsTheRain1,2,6838,2,,654,281,30099,1382743491063779328,2021-04-15 17:11:53,"@jamesofcarmel Remind me, which one said they wanted to go off on their own and leave the other one alone, and whic‚Ä¶ https://t.co/KqifZpjYLB",0,0,0,1,140,,1,Twitter for iPhone
mollysuave,10,23215,0,"Tampa, FL",363,288,6685,1382743490963120132,2021-04-15 17:11:53,what‚Äôs ur favorite bread? this is important,0,0,0,0,43,,0,Twitter for iPhone
BarbieD64198849,1,5262,0,,135,42,10563,1382743490568859651,2021-04-15 17:11:52,@PushpitaHumaira @DheerajDhoopar @AryaSmilesa @PreeranLover @mannushaikh2 @cferr29 @dhoopii_fan @RocksPreeran‚Ä¶ https://t.co/mKdMJ3PDtE,0,0,0,1,134,,8,Twitter for Android
OEveryword,1,54822,0,,11,0,1,1382743490514272260,2021-04-15 17:11:52,OPERATION: JOTTED is a go!,0,0,0,0,26,,0,"Cheap Bots, Done Quick!"
CierradaDon,1,1510,0,Alabama 205,104,125,1692,1382743490279452672,2021-04-15 17:11:52,I wonder where my soulmate is at?,0,0,0,0,33,,0,Twitter for iPhone
elginfastener,2,523,0,,156,22,1,1382743490203893763,2021-04-15 17:11:52,"IT;'S NATIONAL TAKE A WILD GUESS DAY!
Is it a calculated risk to celebrate National Take A Wild Guess Day each year‚Ä¶ https://t.co/LUKGBVcTYX",0,0,0,1,140,,0,HubSpot
Official_Neeti,2,19966,5,Chhattisgarh(Mahasamund) India,22853,8261,19828,1382743490191257605,2021-04-15 17:11:52,God in RigVeda says that if someone is nearing death and has an incurable illness then I (God) can cure that illnes‚Ä¶ https://t.co/HFo9lt71xV,0,0,0,1,140,,0,Twitter for Android
JanvandenHemel,8,3340,332,"Ghent, Belgium",24150,548,5714,1382743490115874819,2021-04-15 17:11:52,Creating stylized hair is easy by drawing tapered curves on surfaces with the Draw Tool in #blender #b3d #bnpr https://t.co/ATW25Mbvhg,0,0,3,0,134,,0,Twitter Web App
D1LLYD0P,1,3410,0,,14,0,11039,1382743490115694597,2021-04-15 17:11:52,everything is about me,0,0,0,0,22,,0,Twitter Web App
Matt_Fores,9,36,0,,0,53,8,1382743490061295618,2021-04-15 17:11:52,"@JayzTwoCents Awful, my FE gtx1080 is dying, pink pixels invaded the screen üò≠üò≠üò≠",0,0,0,0,79,,1,Twitter for iPhone
Faheemasays,12,8159,1,India,157,732,29160,1382743490061287424,2021-04-15 17:11:52,@livemint No big deal..If not now then when? ..there are far more philanthropists in this world with lesser wealth‚Ä¶ https://t.co/sulfar14Bm,0,0,0,1,139,,1,Twitter for iPhone
EvePhobia,1,2259,4,she/her | minor | bi ,111,204,24994,1382743490027732993,2021-04-15 17:11:52,@dreamtxtupdate My birthday is in 12 days üòú,0,0,0,0,43,,1,Twitter for iPhone
WiltshireMakers,1,493,3,"Salisbury, Wiltshire",258,433,560,1382743489981583365,2021-04-15 17:11:52,Now this closing date is still open @clairelouh_ üòÇ perfect one for your pics üì∏ https://t.co/39Pfs74lr9,0,0,0,1,102,"Salisbury, England",1,Twitter for Android
Justicecisco4,3,2971,0,Northwest. Mooipan. Mahikeng ,542,537,7014,1382743489960611847,2021-04-15 17:11:52,"This is the left foot i was talking about. It's about bloody time.
Zwane otla mpolaya ka pelo straight. üò≠üò≠üò≠üò≠",0,0,0,0,108,,0,Twitter for Android
mmahesh1,12,8534,67,"Baltimore, MD ‚Ä¢ USA",2891,1088,25493,1382743489914486785,2021-04-15 17:11:52,This is really good news. Thanks @HopkinsMedicine for arranging us to get COVID vaccine early and on time. https://t.co/eciWUZkYFw,0,0,0,1,130,"Baltimore, MD",1,Twitter for iPhone
Yooperliving,11,1107,0,"Escanaba, Michigan",11,35,5,1382743489889366020,2021-04-15 17:11:52,"@seanhannity You get SUED by your neighbor, and HE gets to pick the JUDGE and JURY who will hear the CASE... and  T‚Ä¶ https://t.co/vFcfeQEPZE",0,0,0,1,140,,1,Twitter Web App
PacesetterGames,3,179,1,"Michigan, USA",486,1459,130,1382743489868394497,2021-04-15 17:11:52,"Sleep is overrated; why not sit and stare into the void of space musing on your past mistakes instead?

#dnd‚Ä¶ https://t.co/FLRgUGtA9J",0,0,1,1,133,,0,Loomly
J0ZlF,3,3490,1,tx ,42,173,4939,1382743489843064833,2021-04-15 17:11:52,"@BCoIe_ @TristanGHill This is such a bad take, I‚Äôm not even an alcoholic like that but getting drunk with friends is fun asf",0,0,0,0,124,,2,Twitter for iPhone
radiokaatt,0,167,1,winters children‚ú¶,208,510,1121,1382743489763508231,2021-04-15 17:11:52,The friendship goals between Julian and Jett is something so special to me https://t.co/Q6glacOrcN,0,0,0,0,98,,0,Twitter for Android
justinlacambra,6,1592,0,"Akihabara, Tokyo",25,475,289,1382743489755025414,2021-04-15 17:11:52,@WizardBLZ @Parasite @Fire40 @Jintroid @MackMelts @SibDMDL Fire is horrid,0,0,0,0,73,,6,Twitter for iPhone
who_kennedy,9,55346,2,,5193,986,96876,1382743489754976257,2021-04-15 17:11:52,@cammthegoatt @ThatguyMaleio Y‚Äôall please don‚Äôt make me cry this is not the time! ü•∫,0,0,0,0,83,,2,Twitter for iPhone
ImaniNel,10,216208,32,United States,3120,1146,1301,1382743489729937412,2021-04-15 17:11:52,93 gas is high af üò´,0,0,0,0,19,,0,Twitter for iPhone
karl_haynes,8,21910,20,"Portland, OR",716,1162,18583,1382743489536950272,2021-04-15 17:11:52,"@nicolepruett1 Sadly. I fear you're correct.

Trump promised to pull out in 2020. The Military told him to fuck off‚Ä¶ https://t.co/Zu3zumqbZm",0,0,0,1,140,,1,Twitter Web App
tommytaylor2250,11,11066,11,"Leeds, England",2240,1265,8970,1382743489511821312,2021-04-15 17:11:52,In any other working environment he would have been escorted off the premises and his employment terminated for gro‚Ä¶ https://t.co/h15MpaZPJR,0,0,0,1,140,,0,Twitter for Android
ManiSuresh16,5,10,0,"Madurai South, India",8,155,6,1382743489494982657,2021-04-15 17:11:52,@LICOFINDIA_Mum @LICOFINDIA_Mum sir: can you give the calculation sheet of  maturity sum assured in Jeevan saral po‚Ä¶ https://t.co/sa30QnwCQR,0,0,0,1,140,"Madurai South, India",2,Twitter for Android
winniewesley,11,152623,30,Right behind you,3850,2351,844,1382743489490878466,2021-04-15 17:11:52,But do Nigerians have this post pregnancy scars like Oyinbo. And is it permanent or it disappears after a while??,0,0,0,0,113,,0,Twitter for iPhone
Anton_Calderon,12,69,2,Gibraltar,104,183,276,1382743489461547015,2021-04-15 17:11:52,@ty_duarte @GBossino @neoghio @JonScottGib Nonsense. That would imply that Gibraltarians are in any way different t‚Ä¶ https://t.co/uUWhKyfuVJ,0,0,0,1,140,,4,Twitter for Android
kn0wmadic,0,618,1,"Cleveland, OH",243,417,1055,1382743489427935238,2021-04-15 17:11:52,"@NetworkSmitty If your criteria is a behemoth, then definitely not, but I don‚Äôt know that I would agree that $12Bn+‚Ä¶ https://t.co/0vNXXwmtu7",0,0,0,1,140,,1,Twitter for iPhone
MR_jeevankumar,5,25193,0,"Guntur, India",1674,260,87524,1382743489398640640,2021-04-15 17:11:52,"@Charan_Universe @AlwaysRamCharan @MsKajalAggarwal @hegdepooja Is there any need to ask 
Obviously RC - Kaj",0,0,0,0,107,,4,Twitter for Android
fightingforyang,1,11064,4,"Marengo, IL",776,1212,7565,1382743489348214784,2021-04-15 17:11:52,He is a disgusting human being. The man should die in prison. https://t.co/Kcx8RGnqlo,0,0,0,1,85,,0,Twitter for iPhone
HredTxp,3,19552,6,,71,94,3152,1382743489306271750,2021-04-15 17:11:52,@MeidasTouch Check your story; headline is very misleading; that‚Äôs not to say the truth isn‚Äôt much better but repor‚Ä¶ https://t.co/pe1DwdUkqM,0,0,0,1,140,,1,Twitter for iPhone
terror_exe,3,21102,0,,208,1,6,1382743489222414338,2021-04-15 17:11:52,"the terror is a love story, but with scurvy",0,0,0,0,43,,0,"Cheap Bots, Done Quick!"
Junebuggedout,10,35138,3,"Sigmaland, USA",384,373,1287,1382743489209724930,2021-04-15 17:11:52,Let me rephrase that. Being single and looking during this era is a horrible idea,0,0,0,0,81,,0,Twitter for Android
parismarxoxo,4,217196,0,,41,3,0,1382743489146974211,2021-04-15 17:11:52,"that beauty blender, the loss of which he laments, is for the enormous majority, a mere training to act as a highlighter üòÅ",0,0,0,0,122,,0,"Cheap Bots, Done Quick!"
almxsthxman,2,18928,16,ùôæùöõùöäùöéùöêùöûùöî,476,501,18051,1382743489121767426,2021-04-15 17:11:52,@Steven64030798 ||MGS: The Phantom Pain (5) is free on Ecks bocks.,0,0,0,0,66,,1,Twitter for iPhone
JonFreier,8,7252,131,"Bellevue, WA and Dallas, TX",60556,284,47401,1382743489121636355,2021-04-15 17:11:52,"We work hard to embrace all perspectives at @TMobile, and awareness is not always enough. This April, we recognize‚Ä¶ https://t.co/BaWcwvS92s",0,3,0,1,139,,1,Twitter for iPhone
skaboomizzy,10,20322,8,"Tampa Bay, FL",172,317,2051,1382743489113432064,2021-04-15 17:11:52,Time to check in on the Pirates and see how Mitch Keller is pitching -- oh. Oh no.,0,0,0,0,82,,0,Twitter Web App
Shayan_k88,1,7312,0,,216,244,8769,1382743489012764672,2021-04-15 17:11:52,#TLP ban will be an absolutely meaningless exercise if there is any kind of concession on the issue. this should be‚Ä¶ https://t.co/naUhtAYKAp,0,0,1,1,140,,0,Twitter Web App
veronic16912774,2,31679,4,"  Poet, Latina , shutterüêûüá∫üá≤",1002,960,106693,1382743488991621122,2021-04-15 17:11:52,"@azcentral This breakup is considered important news? We have a pandemic that's still happening.

The vaccine shoul‚Ä¶ https://t.co/4pQXPCUTkd",0,0,0,1,140,,1,Twitter Web App
BoulderLeah20,5,89599,3,Mountain Time,1729,4147,324018,1382743488979095552,2021-04-15 17:11:52,@FloydLawson78 @IanLysaght @MelissaJPeltier @NoahShachtman I was a journalism student in 2008 and they flat-out sai‚Ä¶ https://t.co/qgrODCxVQX,0,0,0,1,140,,4,Twitter for iPhone
hanabot8,1,791,0,hana headquarters ,24,20,30,1382743488962318336,2021-04-15 17:11:52,"You see lads, by only jacking my cock to Hentai I‚Äôve transcended the human capacity to become aroused to visual sti‚Ä¶ https://t.co/fdbsNll7i7",0,0,0,1,140,,0,twittbot.net
chriskelnhofer,12,1949,0,,70,898,1015,1382743488823906304,2021-04-15 17:11:52,@hcsteinhardt @NateSilver538 Americans yes.  But when I describe the virus I see no reason to limit it to only its‚Ä¶ https://t.co/Owkkiw0f5d,0,0,0,1,139,,2,Twitter Web App
francis_mezza,6,2492,2,"Belfast, Northern Ireland",1416,815,12741,1382743488819818503,2021-04-15 17:11:52,@DebrellenHill @PeteEvangelista Is it pronounced ‚Äúboxed‚Äù or ‚ÄúbAxed‚Äù?,0,0,0,0,68,,2,Twitter for iPhone
Nrlainntsha,8,51764,0,Kuala Lumpur City,559,499,2230,1382743488786173953,2021-04-15 17:11:52,That levi plushie is shooo cute ü•∫‚ù§Ô∏è,0,0,0,0,35,,0,Twitter for iPhone
AanshiYadav2,0,2,0,"Uttar Pradesh, India",0,11,6,1382743488781901825,2021-04-15 17:11:52,@drdineshbjp This is the very critical decision sir.I am not agree for this step we aren't able to attend our exami‚Ä¶ https://t.co/cHq6Jz8hMj,0,0,0,1,140,,1,Twitter for Android
alijamieson,12,92200,45,"London, England",1188,1153,37880,1382743488769441793,2021-04-15 17:11:52,Like this is okay but I think there‚Äôs probably better out there https://t.co/RpJVJKvyKK,0,0,0,1,87,,0,Twitter for iPhone
nuintari,12,324,57,The Assylum,1291,474,7467,1382743488756858880,2021-04-15 17:11:52,"@patneedham_ @maxberger Wealth redistribution, watch as the bitcoin loving moron spends his hard earned cash on mor‚Ä¶ https://t.co/d4SXrNULPc",0,0,0,1,140,,2,Twitter Web App
GraylingNorth,11,1748,37,"Leeds and Manchester, UK",982,1532,191,1382743488693952512,2021-04-15 17:11:52,Are you a #publicaffairs professional in the North looking for your next challenge? Our #Manchester office is curre‚Ä¶ https://t.co/YUF9UZpUBD,0,0,2,1,140,,0,Twitter Web App
devinchy17,3,1349,0,"Los Angeles, CA",30,68,4296,1382743488689696770,2021-04-15 17:11:52,@lausdOGR @UTLAnow question for you. Which genius decided it is a good idea to have every child tested every week s‚Ä¶ https://t.co/nwx01s9Wdd,0,0,0,1,140,,2,Twitter for iPhone
DeadPuppet3,1,414,0,,260,75,448,1382743488572231680,2021-04-15 17:11:52,@0sFor4001 I have something very similar to this . Different primary on mine. I'm willing to bet the secondary is a revert,0,0,0,0,122,,1,Twitter for Android
farfromroutine,7,1225,5,Texas,93,512,2675,1382743488559665152,2021-04-15 17:11:52,"Who is on your #TobaccoFreeCampus or #TobaccoFreeCommunities Committee? 

Check out this list and make sure everyon‚Ä¶ https://t.co/RSrVWbAUu0",0,0,2,1,140,,0,Twitter for iPhone
awstauffer,6,4640,1,USA,549,235,9090,1382743488542994442,2021-04-15 17:11:52,"I don‚Äôt care about reward points and cash back like I should.

Reason is I love my Apple Card. 

I can be maxed out‚Ä¶ https://t.co/3c4Yc3QdWj",0,0,0,1,140,,0,Twitter for iPhone
EFC_Mike79,8,85,3,"Liverpool, England",259,161,32,1382743488521981952,2021-04-15 17:11:52,@TheToffeeBlues @EvertonNewsFeed It would not surprise me if this ends up a draw to carry on the sequence of result‚Ä¶ https://t.co/ydHdexEKNW,0,0,0,1,140,,2,Twitter Web App
JW_Chief,3,1733,3,United States,66,325,1074,1382743488509452296,2021-04-15 17:11:52,"Strixhaven! Some initial notes...

- The client doesn't appear to be giving people trouble, despite likely heavy lo‚Ä¶ https://t.co/hRTYb3btaC",0,0,0,1,140,,0,TweetDeck
MissMalini,13,151539,1387,"Mumbai, India",2716611,4379,16263,1382743488484106240,2021-04-15 17:11:52,#JanhviKapoor has a wardrobe favourite and can't seem to get enough of it. Any guesses what it is? Read to find out‚Ä¶ https://t.co/vBimZlvIAi,0,0,1,1,140,,0,Twitter Web App
kuumbalynx,12,1656,40,"Chicago, IL",1698,1166,841,1382743488438108164,2021-04-15 17:11:52,Join us right now for this event. Click link below to attend. https://t.co/lz32VPdvhk Mr. Campbell is the founder o‚Ä¶ https://t.co/NYFJ2jP52J,0,0,0,2,140,,0,Twitter for iPhone
fatfuckpigslave,3,13233,1,"Calgary, Alberta",253,827,21132,1382743488433856515,2021-04-15 17:11:52,@pumpka_booty Is that a phone issue or provider issue? I‚Äôm not up on tech but I like iPhone because of ease of use,0,1,0,0,114,,1,Twitter for iPhone
haloangelsx,1,1968,5,she!her,202,238,1327,1382743488391958534,2021-04-15 17:11:52,"i love narry but lilo's frienship is literally the best
I am voting #Louies for #BestFanArmy at the #iHeartAwards https://t.co/ShgBqykAzG",0,0,3,1,137,,0,Twitter Web App
sean_legg,12,1031,3,,261,524,63376,1382743488291237888,2021-04-15 17:11:52,@SkimMilkAg I think Ford is planning to drop a small truck in below the Ranger.,0,0,0,0,79,,1,Twitter for iPhone
ZahidKhan820,2,7967,0,Pakistan,219,86,5409,1382743488286969857,2021-04-15 17:11:52,"The pawri is still on??

7YRS OF ROCKSTAR FUGGI",1,0,0,0,47,,0,Twitter for Android
67Capt_Canuck,10,147689,81,"Ottawa, Ontario",1973,2457,12157,1382743488257740809,2021-04-15 17:11:52,"Precisely!

 @erinotoole ‚Äòs CP is planning to control our Bank Accounts via their ridiculously authoritarian no-pla‚Ä¶ https://t.co/b9L8Wn6oNw",0,0,0,1,140,,1,Twitter for iPad
Boat_Hopper,0,642,5,Sitting On A Ledge,388,221,514,1382743488236765187,2021-04-15 17:11:52,"Ushi is a permanent resident of being under the sheets.

She likes naps.",0,1,0,0,72,,0,Twitter for Android
serlindsipity,13,34410,68,Colorado,3983,1652,48039,1382743488152801280,2021-04-15 17:11:52,@COBlackpacker One time is enough for me.,0,0,0,0,41,,1,Twitter Web App
BGworld,12,22261,2,,258,481,3000,1382743488127766530,2021-04-15 17:11:52,Just got offered to coach at the HS level today... had previous offers but this one is a great great opportunity...‚Ä¶ https://t.co/LodWvwbpA1,0,0,0,1,140,,0,Twitter for iPhone
Yu_haotian,4,13,0,‰∏≠Âçé‰∫∫Ê∞ëÂÖ±ÂíåÂõΩ,3,30,138,1382743488110944258,2021-04-15 17:11:52,"@JingKlaus The BBC and other media are silent collectively, even if it will affect all mankind and the earth, just‚Ä¶ https://t.co/SaDpMrtSCD",0,1,0,1,139,,1,Twitter for iPhone
Vo_Vision,11,68222,16,Chicago Over Everything,1443,2016,17519,1382743488047947777,2021-04-15 17:11:52,@atJOEmamaHOUSE And they‚Äôre playing well don‚Äôt get me wrong but Steph is playing out of his mind rn,0,0,0,0,99,,1,Twitter for iPhone
ChrisReeves109,1,62,0,"Billings, MT",19,63,246,1382743488022777857,2021-04-15 17:11:52,"@Thrice Daedalus and Digging My Own Grave.
Special shoutout to Child of Dust for the amazing effect of making the l‚Ä¶ https://t.co/37ZymN9ZqX",0,0,0,1,140,,1,Twitter Web App
TheGREATMoto,12,7319,0,"Cleveland, OH",127,71,21509,1382743487880302601,2021-04-15 17:11:52,"@SquallCharlson Duuuuuuuuude... I'm totally here for it! Marvelous is, just, the damn best. ü§£",0,0,0,0,93,,1,Twitter for Android
KyubiCrasher,6,20994,13,,419,308,17111,1382743487876005897,2021-04-15 17:11:52,To This day I'm shocked on how amazing this is https://t.co/AmzOr2allO,0,0,0,1,70,,0,Twitter Web App
alnwright,11,1582,3,,120,470,14296,1382743487859326976,2021-04-15 17:11:52,The courage of a 12-year-old - Yvonne Abraham asks: ‚Äú...were superior‚Äôs hands tied by union [accused child sex abus‚Ä¶ https://t.co/khY7Aacp8e,0,0,0,1,140,,0,Twitter for iPad
sc99_uk,9,3354,6,,351,766,9523,1382743487855140866,2021-04-15 17:11:52,Congratulations @J_L_Gallery and @Slo_Projects   The website Looks great and the content is strong https://t.co/PiwrsFn97E,0,0,0,1,122,,2,Twitter for iPad
LiamCrook1,10,77743,3,,6603,7242,146528,1382743487855083525,2021-04-15 17:11:52,@OdoiSZN10 If I was jealous or not the fact is without the oil money you lot would be out of business and city prob‚Ä¶ https://t.co/mJcyYfOHTm,0,0,0,1,140,,1,Twitter for iPhone
trying_myself,1,3830,0,,26,97,4838,1382743487834038275,2021-04-15 17:11:52,@ppath2971_mr @AlokSah18726752 @JatinderTweets @BharadwajSpeaks its ok..I do not troll anyone on SM or in real life‚Ä¶ https://t.co/LS85YGCMXd,0,0,0,1,140,,4,Twitter Web App
RealEvilkitten3,6,12264,2,,133,380,30403,1382743487800438787,2021-04-15 17:11:52,@chaoticgaythey right now mine is a penguin trying to figure out how to walk up a flight of very tall stairs,0,0,0,0,108,,1,Twitter Web App
Uchennaugochuk5,2,755,0,IMO State,49,253,207,1382743487792218113,2021-04-15 17:11:52,Baba is back hope he came back with Cows,0,0,0,0,40,,0,Twitter Web App
LiaQat701,0,62,0,"Multan, Pakistan",9,22,47,1382743487758553091,2021-04-15 17:11:52,"#LIKEapp Muhammad LiaQat is broadcasting a Magic Live, come and join in!https://t.co/VcigcX17zJ https://t.co/KfuWrY7RfT",0,0,1,1,119,,0,Likee Video
Roycie_Boy,7,657,0,,98,155,663,1382743487733329924,2021-04-15 17:11:52,"@TGreenNV @ByChrisMurray I mean still, predicting a college coach will leave to go to another college at some point‚Ä¶ https://t.co/0nwL5yy326",0,0,0,1,140,,2,Twitter for Android
Smartiepants73,1,7892,5,"Brighton, England",1218,530,21409,1382743487691522049,2021-04-15 17:11:52,@JaclynNJohnston @farley_avril It‚Äôs 7 reported cases. That‚Äôs all I know. So each 1 = a reported case and remeber th‚Ä¶ https://t.co/nfE90VMESf,0,0,0,1,140,,2,Twitter for iPhone
SabrinaHogan,9,28626,9,Georgia,4733,983,42035,1382743487641227265,2021-04-15 17:11:52,@YShovely Pending eligibility means they are reviewing it to see if it is eligible for benefits.,0,0,0,0,96,,1,Twitter Web App
derek_d_baker,4,8822,0,Richmond-Chicago-Indianapolis,190,250,119921,1382743487628599297,2021-04-15 17:11:52,@JameyEisenberg Why is Younghoe Koo on this list? üòÇ,0,0,0,0,51,,1,Twitter for iPhone
KJG_NBA,10,26784,87,The Q,3387,1276,6630,1382743487574122499,2021-04-15 17:11:52,"In his KJG debut, @JohnSuchan highlighted how Dean Wade, the kid from Kansas, is making a difference for the #Cavs.‚Ä¶ https://t.co/YUvhNaSfzq",1,1,1,1,140,,1,Twitter for iPhone
n3dyamonarch,0,210,0,16 ,51,266,3146,1382743487523741697,2021-04-15 17:11:52,@tthiel12 @Breaking911 If u actually watched the trial and not just Twitter u would onow the exact opposite is happening,0,0,0,0,120,,2,Twitter for iPhone
Mamax2__,6,10739,0,,407,499,8417,1382743487511158788,2021-04-15 17:11:52,@SSABBRRAAA Is she even a mom?ü•¥,0,0,0,0,31,,1,Twitter for iPhone
Ehigborben,10,1775,0,,216,540,312,1382743487507013638,2021-04-15 17:11:52,"@IkejaElectric @kingfryo My meter number is 04266689050. I have been trying to load a token, it's not going through. Pls help",0,0,0,0,125,,2,Twitter for Android
joondionysuss,3,52281,14,she/her,648,552,74001,1382743487486029825,2021-04-15 17:11:52,@mlkszo The fact that every is just staring like hello,0,0,0,0,54,,1,Twitter for iPhone
intimate444,6,82400,34,( ‚óú ‚ô° ‚óù )she/her 21 satx,711,488,177513,1382743487427215362,2021-04-15 17:11:52,zia and i just want to make soup for our b*yfriends is that too much to ask for,0,0,0,0,79,,0,Twitter for iPhone
CJ4Six,12,83453,14,Moton Field ,583,554,4286,1382743487418880009,2021-04-15 17:11:52,"Jaycee Horn is a VERY good player. Fuck them analytics, turn on the tape or ask a WR that faced him.",0,0,0,0,100,,0,Twitter for Android
sunkissednymph,11,72339,29,üè≥Ô∏è‚Äç‚ößÔ∏èüáÆüáπüá¶üá±üá∫üá∏üí±üêæ,6725,1479,125067,1382743487393763330,2021-04-15 17:11:52,What the fuck is an mspec lesbian like it sounds like a car https://t.co/npQkEBE7bZ,0,0,0,1,83,,0,Twitter for iPhone
JG_Underwood,8,2317,12,"Seattle, WA",757,712,5825,1382743487385194500,2021-04-15 17:11:52,@benjamin_oc Mine is probably Montana's Triple Divide Peak in Glacier NP: waters flow from that one mountain to Hud‚Ä¶ https://t.co/N0xR1KM1gS,0,0,0,1,140,,1,Twitter Web App
_treagan,10,15067,0,‚ô° okc,936,628,34344,1382743487376883712,2021-04-15 17:11:52,@brandyyrene the sad part is I‚Äôm deadass üò≠,0,0,0,0,42,,1,Twitter for iPhone
samlgarman,4,3524,1,Arizona,420,1658,55445,1382743487355887617,2021-04-15 17:11:52,@genderforkery @rebelwerewolf I don't know that I have had flashes so much as my tolerance to heat is just REALLY l‚Ä¶ https://t.co/W8xddLCK5M,0,0,0,1,140,,2,Twitter Web App
RiverfrontFW,7,3267,31,"Fort Wayne, Indiana",2916,729,2438,1382743487326474240,2021-04-15 17:11:52,3 is for our 3 rivers! We can't wait for opening day at @ParkviewField with @TinCaps! https://t.co/djGjP2oTyW,0,0,0,1,109,,2,Twitter Web App
_soltrice,1,1154,0,he/him,10,72,2652,1382743487322415112,2021-04-15 17:11:52,@Sugoi_Ash what the actual fuck is wrong with people? this shit is disgusting,0,0,0,0,77,,1,Twitter for Android
stvewan,12,3876,70,Glasgow,2919,3023,619,1382743487318228997,2021-04-15 17:11:52,The SNP wants to hold #indyref2 in the first half of the next parliamentary term if there is a pro-independence maj‚Ä¶ https://t.co/4wKvCYFviV,0,0,1,1,140,,0,Twitter for iPhone
SullivanLawCA,7,8812,42,"Ottawa, Ontario",4020,3215,742,1382743487305646083,2021-04-15 17:11:52,@iancapstick @DianeMariePosts Media does not have to keep sources confidential. It is only a professional conventio‚Ä¶ https://t.co/mS0OKDt6KN,0,0,0,1,140,,2,Twitter for Android
gurkiratsgill,11,18272,25,India,3237,860,73287,1382743487301312513,2021-04-15 17:11:52,"Anything under 60 runs in last 5 with both of these at the crease will leave batting side as favourites. 

Also, do‚Ä¶ https://t.co/nWUUPiIspu",1,8,0,1,140,,0,Twitter for Android
jaque_lpz,11,43884,10,,381,1389,121914,1382743487242596353,2021-04-15 17:11:52,@sakuranbo_berry One and ten are ‚ÄúGolden star‚Äù the 10th one just has Junsu‚Äôs name next to it. Number 3 is ‚ÄúWaiting‚Äù‚Ä¶ https://t.co/hiZlNLKjm4,0,0,0,1,140,,1,Twitter for iPhone
BrandonBristo20,0,3951,0,,80,342,4957,1382743487225991173,2021-04-15 17:11:52,@Aric_Almirola @SmithfieldBrand Can you plz re DM me and i will respond asap and thank you brotherman hope all is w‚Ä¶ https://t.co/DByE1WIJrH,0,0,0,1,140,,2,Twitter for Android
AustinHotaling,7,5,0,,6,4,6,1382743487200731139,2021-04-15 17:11:52,@kingblehme This is the persona of someone that likes to short stocks. It's like a person that goes to the gym ever‚Ä¶ https://t.co/9y2OoqU8HD,0,0,0,1,140,,1,Twitter Web App
HolyCricket_513,5,3677,1,,112,289,29377,1382743487200722948,2021-04-15 17:11:52,"If someone ever finds the need to figure out Tewatia's batting (unlikely?), he has the same pickle as Shaw.

Bat fa‚Ä¶ https://t.co/x76Ci3PBth",0,0,0,1,140,,0,Twitter for Android
LionOfLife1,2,1311,2,EDT (UTC -4) // sleeping,53,121,7022,1382743487154622472,2021-04-15 17:11:52,why is wren losing... https://t.co/9WTvV5xAWg,0,1,0,0,45,,0,Twitter Web App
Brandon83606800,1,8,0,,0,43,6,1382743487129468932,2021-04-15 17:11:52,#patsuptosomethin Pat is 100 percent moving to the big Florida to go full time nxt talent to balance the show and this beautiful show,0,0,1,0,133,,0,Twitter for iPhone
razifarhan,10,26,0,,5,39,189,1382743487024488449,2021-04-15 17:11:52,@Zaheer03110962 @aimim_national @MIRZARahmathBa6 @asadowaisi Yes even once a week is ok,0,0,0,0,87,,4,Twitter Web App
Jus_Hloni,0,329,0,sfubeni se ndodaüìç,867,880,3746,1382743487016271872,2021-04-15 17:11:52,@MYavhudi I hate how she makes everything about her.. Its not her wedding tlhe üôÑüôÑüôÑ How is everyone planning in the‚Ä¶ https://t.co/vBdSKGqKhJ,0,0,0,1,139,,1,Twitter for Android
faridashaikh2,9,1506,0,india,7,128,979,1382743486953181184,2021-04-15 17:11:52,@ReallySwara Madcow he is. Marne ka shaukh tha toh akele puri karta. Na jaane kitne logo ki Jaan khatre Mey Daal a.‚Ä¶ https://t.co/JE1jbX9vMP,0,0,0,1,140,"Nashik, India",1,Twitter for Android
itzhimikotogaxx,0,2358,1,‚Äπ‚ÄπShe/Her‚Ä∫‚Ä∫ ||¬∞14¬∞|| üáµüá¶,1018,2087,5955,1382743486869471232,2021-04-15 17:11:52,YEAAAAAHH HE IS CANOCALLY A CHILD WOOOOOO,0,1,0,0,41,,0,Twitter Web App
thekickart,10,11141,15,"Dublin/Wexford, Ireland ",1829,4412,6044,1382743486865272833,2021-04-15 17:11:52,@MOF1916 I don't drink beer so I wouldn't know! I need to make room so they had to go. 1916 books in your house is like prosecco in mine üòÇ,0,0,0,0,138,,1,Twitter for Android
HQ10_94,10,6184,0,"Arizona, USA",344,531,13783,1382743486860972034,2021-04-15 17:11:52,@snacob105 @FullSend_Raver Having no sympathy is one thing... making fun of them is another. You do you fam...,0,0,0,0,110,,2,Twitter for Android
bikivindaloo,12,6419,0,,136,687,4791,1382743486860914689,2021-04-15 17:11:52,"@CREWcrew ""We are pausing them until we think no one is watching any longer.""",0,0,0,0,77,,1,TweetDeck
Marin_Pablo,12,440,14,Boston,283,654,278,1382743486806458374,2021-04-15 17:11:52,Go where the action is. Do more. Live life for a living. - J.I.,0,0,0,0,63,,0,Twitter Web App
CdotSalem,10,2673,9,,940,1168,40521,1382743486789607427,2021-04-15 17:11:52,this man is 22 and not even in his prime yet https://t.co/rYn22iUqbD,0,0,0,1,68,,0,Twitter Web App
WENKEXlNG,9,83583,62,she/her 21,4716,108,73421,1382743486772957192,2021-04-15 17:11:52,theyre definitely connected from the past.... is xuan ji the reincarnation of his bifang or smth bcz fireü§î nobody laugh,0,0,0,0,119,,0,Twitter for iPhone
ShweezyLiz,3,2824,9,"Alberta, Canada",1103,132,10685,1382743486663774208,2021-04-15 17:11:52,"@doknyaa NSKSS THANK YU MAI, it is but my simple reimagining 

I say #/letsjwemoteinthewebtoon lol",0,0,0,0,98,,1,Twitter for iPhone
somnificatlas,3,39739,2,layout: ttaechi on tumblr,186,205,43538,1382743486558924807,2021-04-15 17:11:51,@demifiendz Gender Euphoria Is Stored In The Itsuki,0,0,0,0,51,,1,Twitter for Android
wildgreekgodbot,4,217170,1,,14,0,0,1382743486508720130,2021-04-15 17:11:51,Nemesis is sometimes leaving mean notes or listening to Kanye West.,0,0,0,0,67,,0,"Cheap Bots, Done Quick!"
EuRoydean,2,46,0,,33,24,22,1382743486504521730,2021-04-15 17:11:51,@Renso26 Is a Hotdog a sandwich?,0,0,0,0,32,,1,Twitter Web App
is_jasseng,3,3166,0,,149,167,4648,1382743486479290370,2021-04-15 17:11:51,"that's not impossible to be happen but I smell something's fishy regarding on that, there's a part that I find it unfair",0,0,0,0,120,,0,Twitter for Android
PattydelPrado,8,5361,0,monteedinburgh,75,271,2581,1382743486387134475,2021-04-15 17:11:51,@markhillary The shunning loaves thing has derived from what is perceived to be ‚Äòsafe covid‚Äô practices. Most people‚Ä¶ https://t.co/j2u0dAqRjn,0,0,0,1,140,,1,Twitter for iPad
catlavgyu,0,3232,4,she/her,305,285,1076,1382743486366056459,2021-04-15 17:11:51,isn't is cute? https://t.co/t3TvmPAVHa,0,0,0,0,38,,0,Twitter for Android
DaniyalXulfiqar,7,157,0,lahore,31,209,11730,1382743486328373252,2021-04-15 17:11:51,@appleinsider That is Apple L E D,0,0,0,0,33,,1,Twitter for iPhone
DragonLuva3,10,8751,2,"Atlanta, GA",217,254,2859,1382743486307434502,2021-04-15 17:11:51,@rich_granville @CassandraRules @CaliKidJMP BLM is bullshit. My community would do much better solving the issues f‚Ä¶ https://t.co/Z5NKSAyjJM,0,0,0,1,140,,3,Twitter for iPhone
kashiii_f,2,35630,1,chitral kpk pakistan,1224,1282,24229,1382743486298869767,2021-04-15 17:11:51,"My Twitter Crush is: @786A5Y

Find yours at https://t.co/5J7046NAOn

‚†Ä https://t.co/RGIhpD8spb",0,0,0,1,94,,1, Roun'   Year Fun! #6f82        
you_rabah,8,39059,7,Turchia,1388,388,52057,1382743486269693954,2021-04-15 17:11:51,@HercaiDizi @atvcomtr @MiaYapim @AkinAkinozu @rebrusahin Engin??? Is that even you?,0,0,0,0,83,,5,Twitter for Android
Foteini_Plevra,4,13287,2,,408,51,16718,1382743486257106945,2021-04-15 17:11:51,"@youngbucks Wow, is that where all the Merch Freak money went? That's quite the drip‚Ñ¢. https://t.co/gLAhAQml2b",0,0,0,0,110,,1,Twitter for Android
GolaBoySam,1,4967,0,,141,132,285,1382743486257106944,2021-04-15 17:11:51,"Attention is 
Social media heavily responsible for that. https://t.co/XgwuYNmkhD",0,0,0,1,80,,0,Twitter for iPhone
shilpachegoor,7,2424,0,,95,320,16784,1382743486236008449,2021-04-15 17:11:51,"@RGVzoomin Telangana and hyderabad in particular is in bad shape, why no comment on that. I couldn't find a bed for‚Ä¶ https://t.co/d6D7HIKB91",0,0,0,1,140,,1,Twitter for Android
picker_finger,0,31,0,,83,119,73,1382743486202486787,2021-04-15 17:11:51,Everything i post is sensitive material wtf twitter ????,0,0,0,0,56,,0,Twitter Web App
RottweilerTeeth,1,3575,0,,64,44,3545,1382743486189883399,2021-04-15 17:11:51,"@bigsadb0ye @muktilandia @elonmusk @lexfridman ""I don't think there is going to be a way to tell everybody that cle‚Ä¶ https://t.co/tDRBneyzA0",0,0,0,1,140,,4,Twitter Web App
jspector106,12,2146,2,"Colorado Springs, CO",35,167,3193,1382743486164660225,2021-04-15 17:11:51,@StorkOnTheCork @clb2224 @garrulous_gin @skycipher @Kef998 @ChuckVStheMovie @garrickgirl @John99401403‚Ä¶ https://t.co/uFY8fV0RY8,0,0,0,1,127,,8,Twitter for Android
mdworthington,11,2561,10,"Lancashire, England",332,676,9715,1382743486127030282,2021-04-15 17:11:51,@bibliobushra @JoFletcherBooks @QuercusBooks The only problem is the way I'm going I'll need a bigger house for all the books I'm buying lol,0,1,0,0,140,,3,Twitter for Android
amandawalker247,12,32864,26,california ‚Ä¢ she/her,1021,528,50425,1382743486122774539,2021-04-15 17:11:51,I wish 25 year old me could hug 16 year old Amanda in the photo above... I know she wouldn‚Äôt believe that it gets b‚Ä¶ https://t.co/zYpiAZY0DX,0,0,0,1,140,,0,Twitter for iPhone
aeongsol,9,56196,27,she/they - latine,1107,825,144026,1382743486106062852,2021-04-15 17:11:51,now why is crystal ballad in my head... help,0,1,0,0,44,,0,Twitter for iPhone
GRGMAllEY,0,2154,2,"‚†Ä‚†Ä* ùñåeorge ùñî'malley‚†Ä‚†Ä‚†Ä    
ùì£rŒ±umŒ± surgeon Œ±t the gre—á sloŒ±n memorƒ±Œ±l‚îÄ‚îÄ   seŒ±ttle, ùê∞ùêö
 Œ± rodŒ± do oÃÇnƒ±bus rodŒ± rodŒ± . . .
  
 „Ö§ „Ö§ „Ö§",580,599,1764,1382743486080909321,2021-04-15 17:11:51,"Risky risky wiggy wiggy this is an emergency 
help help me somebody stop me cuz i know i cant stop me",0,0,0,0,101,,0,Twitter for Android
freddiecase,12,18835,3,London,436,547,4396,1382743486051590147,2021-04-15 17:11:51,Haha what child is going to get a reference from The Wire https://t.co/CYpdvr67br,0,0,0,1,81,,0,Twitter for iPhone
0x2142,5,2297,12,"Ohio, USA",1335,470,22503,1382743485971894285,2021-04-15 17:11:51,"If a customer opts against buying your product, I feel like asking for a few minutes of honest feedback is reasonab‚Ä¶ https://t.co/2nePQjBFWR",1,0,0,1,140,,0,Twitter Web App
n_weva,12,27770,13,Toronto,479,488,43738,1382743485971828737,2021-04-15 17:11:51,@Jenna_TMLFan84 @CP24 Because @fordnation @JohnTory @epdevilla have no balls to ISOLATE said areas as they did in N‚Ä¶ https://t.co/JGOsXkZ6Ms,0,0,0,1,140,,5,Twitter Web App
ShayaanShoukat2,1,22,0,,4,45,10,1382743485942489095,2021-04-15 17:11:51,@elitaadrina See this is why ppl don't like you i didnt think you were like this true i begged for notes but it was‚Ä¶ https://t.co/YV06UWl4Qu,0,0,0,1,140,,1,Twitter for Android
iam_skamal,8,80667,8,Federal Capital Territory,24085,16885,56400,1382743485917302784,2021-04-15 17:11:51,My neighbor be like this Ramadan I have learnt a lot. Oga What have you learned this is just day two. Abi which kain lie be this.,0,0,0,0,129,,0,Twitter for iPhone
glenncoello,10,68,0,"Kelowna, British Columbia",7,28,53,1382743485917253632,2021-04-15 17:11:51,@BAJVisser @davidakin @erinotoole Let's stop pretending that all Canadians get most of their money back.  This only‚Ä¶ https://t.co/cJz2ZqGhPi,0,0,0,1,140,,3,Twitter Web App
NaijaTrenz,6,17956,2,"Lagos, Africa,Worldwide|| BBM ",593,39,129,1382743485892104195,2021-04-15 17:11:51,DOWNLOAD MP3: Blessings Ng ‚Äì ‚ÄúHis Name Is Jesus‚Äù ||¬†@Blessingsng1 https://t.co/BC3pd0MQGz,0,0,0,1,89,,1,WordPress.com
democritus_wri,3,11311,4,,524,635,9617,1382743485879554052,2021-04-15 17:11:51,"Will Smith is the only actor to have eight consecutive films gross over $100 million in the domestic box office, el‚Ä¶ https://t.co/0fMmN4Vg1M",0,0,0,1,140,,0,Twitter for Android
cuddlezouis,1,6968,6,17 | lhh protector,474,483,10755,1382743485837574144,2021-04-15 17:11:51,again someone is leaving stan twitter sighh,0,0,0,0,43,,0,Twitter for iPhone
skysoratasg,4,3225,2,"Central Region, Singapore",161,855,0,1382743485820796932,2021-04-15 17:11:51,"6 Derbyshire Condo @ Novena
https://t.co/gInTe2Oo5g
6 Derbyshire Property Review 6 Derbyshire is an elegant and exclusive condominium,",0,0,0,1,134,,0,Twitter Auto Publish Sky
Dags44005210,0,1932,0,,124,135,3007,1382743485808271374,2021-04-15 17:11:51,@Rooferpaddy He‚Äôs on the wind up. Most of the stuff he says is for views and click bait. He‚Äôll have people taking a‚Ä¶ https://t.co/D4llPdGFPn,0,0,0,1,140,,1,Twitter for iPhone
LisaRam24004779,0,2244,0,,27,628,183,1382743485762179072,2021-04-15 17:11:51,@RepDeborahRoss @SpeakerPelosi @rosadelauro You are sending illegal immigrants in the US knowing they are testing p‚Ä¶ https://t.co/oDjHYUe3ia,0,0,0,1,140,"Atlanta, GA",3,Twitter for Android
joeneely55,3,490,1,Michigan,34,115,264,1382743485749559296,2021-04-15 17:11:51,"@chengelis @JonJansen77 I like this. Harbaugh never wanted to put the ball in one guy's hands and say ""This is your‚Ä¶ https://t.co/xI1ywIqJMb",0,0,0,1,140,,2,Twitter Web App
PrincessSpaffy,3,16643,5,jpg of that precinct burning,468,1109,32383,1382743485745401858,2021-04-15 17:11:51,@Real_Xi_Jinping CNN article a while back used the weasel word of 'concerned factions in Afghanistan' and it cited‚Ä¶ https://t.co/VemqRYzvaq,0,1,0,1,139,,1,Twitter Web App
ProvidenceChris,3,488,0,Nigeria,81,475,200,1382743485690839046,2021-04-15 17:11:51,"@Coinomy Coinomy pre-registration is now open. Claim your 9,000 $OMYX by registering at https://t.co/MDemVY4rpr and‚Ä¶ https://t.co/zl08Bna7hn",0,0,0,2,140,,1,Twitter for Android
Hartlepool_Live,1,473,3,,180,10,1,1382743485653078022,2021-04-15 17:11:51,This is his handiwork https://t.co/eF8Fz0n01i,0,0,0,1,45,,0,TweetDeck
mariamfawzii,3,27902,1,,896,318,21909,1382743485602795524,2021-04-15 17:11:51,How‚Äôs no one talking about how powerful of a duo Dina ElSherbiny &amp; Ruby is,0,0,0,0,78,,0,Twitter for iPhone
DrXtreme80,6,26217,0, inside of weak & the wounded,97,150,51,1382743485531439104,2021-04-15 17:11:51,"@jack_farmhouse they got pretty close, especially on a tuesday that was loaded with sports, NCSI, and other program‚Ä¶ https://t.co/Fp8mUDN0rV",0,0,0,1,140,,1,Twitter Web App
FAMUBBG7532,11,26595,2,,310,305,14476,1382743485476962305,2021-04-15 17:11:51,@Iii32Lee Shit ain‚Äôt make no sense G when it was 4th &amp; 5 against Miami in doak and he threw the ball in the dirt I‚Ä¶ https://t.co/uMCy15Hupv,0,0,0,1,143,,1,Twitter for iPhone
rundle_mick,8,3469,0,UK,66,141,1501,1382743485401415685,2021-04-15 17:11:51,@BryanCrabtree17 @Coventry_City @OfficialRUFC Don‚Äôt worry. Wilson is a safe pair of hands in the comedy department...,0,0,0,0,117,,3,Twitter for iPad
rvparade,7,185242,4,,229,793,187934,1382743485367742465,2021-04-15 17:11:51,This resolution is worse than 144p wtf https://t.co/7xesHA6tw1,0,0,0,1,62,,0,Twitter for Android
royalshoni,7,25616,16,queer ‚Ä¢ trans ‚Ä¢ blm ‚Ä¢ 21+ ,1376,520,47006,1382743485300809728,2021-04-15 17:11:51,leah is such a smart lady but also shelby needs a hug https://t.co/iRa2Dsjeus,0,0,0,1,77,,0,Twitter for iPhone
BuenavidesJohn,2,39,0,,14,37,439,1382743485233565697,2021-04-15 17:11:51,"The thing about Captain America is that Steve/Sam represent the best of humanity.  ""Captain America"" became the mon‚Ä¶ https://t.co/uGBm3Mtxmo",0,0,0,1,140,,0,Twitter for Android
cipher315,12,253,0,"Florida, USA",365,555,226,1382743485183320065,2021-04-15 17:11:51,@Jim_Jordan Who cares what they think... Is this question supposed to distract us from your whiny-baby tirade about‚Ä¶ https://t.co/ukPMSTp5Hy,0,0,0,1,140,,1,Twitter for Android
marufali786,9,4539,6,"53.535491,-2.119378",1355,2352,10099,1382743484981973003,2021-04-15 17:11:51,Today they @OldhamCouncil didn't take the black bin bags left by other people front of Shahjalal Mosque and Islamic‚Ä¶ https://t.co/0nB7v8M38A,1,1,0,1,140,"Oldham, England",1,Twitter for iPhone
icelife101,10,6502,2,"Delaware, USA",80,361,3884,1382743484961062914,2021-04-15 17:11:51,@MzPoeticGoddes I think it depends on what is agreed. Sometimes misunderstandings can be cleared up by a simple conversation.,0,0,0,0,125,,1,Twitter for Android
PoliticsInsider,10,106669,1003,,44483,90,45,1382743484927508481,2021-04-15 17:11:51,"Cuba's Raul Castro is stepping down, ending more than half a century of Castro rule over the island https://t.co/8XFpxSRy7B",0,1,0,1,123,,0,Business Insider Login
CaliKaits,4,4975,5,"California, USA",1754,1283,14627,1382743484898037762,2021-04-15 17:11:51,Question. Is it okay to have my PC on the floor underneath a new desk? It has little legs...?,0,3,0,0,93,,0,Twitter for iPhone
BoxingCertified,12,31934,15,"Landover, Md ",852,751,35076,1382743484852023299,2021-04-15 17:11:51,"@efbman @MonteroOnBoxing Another reason, I wouldn't pick, Ali is because I know so much about him. His entire life‚Ä¶ https://t.co/iiuhP6hvGu",0,1,0,1,139,,2,Twitter for Android
HallamCJW,6,1698,2,"Leeds, England",142,170,6007,1382743484851949570,2021-04-15 17:11:51,@JackRJ89229896 @bausng @FLX203 @_AFCKG_ @malex200311 @lufcjm @tomrgreen1 @SkySportsNews Taking injured players to‚Ä¶ https://t.co/2DK8md8e5V,0,0,0,1,139,,8,Twitter for iPhone
EmarandZeb,10,3528,7,"Knoxville, TN",131,503,20059,1382743484843622404,2021-04-15 17:11:51,"@WellsiteGeo @bitterkarella Baikal is in the middle of a spreading rift valley, so it has avoided filling in. There‚Ä¶ https://t.co/og4grYVtNk",0,0,0,1,140,,2,Twitter for Android
lizblackdog,13,3686,3,"Bournemouth, England",269,808,127117,1382743484789047302,2021-04-15 17:11:51,@RoadsideMum Anything that's comfortable in your chair is suitable for a wheelchair user but I really like the soun‚Ä¶ https://t.co/mjLbDtP9gT,0,0,0,1,140,,1,Twitter Web App
kayleighC053,5,2318,0,,224,61,2391,1382743484780703748,2021-04-15 17:11:51,I‚Äôm listening to Justin Bieber in Cadie‚Äôs Tory bath while she is at the gym having a PT session. There really are t‚Ä¶ https://t.co/LLK372ERLI,0,0,0,1,140,,0,Twitter for iPhone
seoscottsdale,12,14715,358,"Scottsdale, AZ",7930,7705,20040,1382743484705083393,2021-04-15 17:11:51,@MadalynSklar #TwitterSpaces is terrific. I have met so many great people from all over the world. It is a great wa‚Ä¶ https://t.co/kPUrSFxYHu,1,1,1,1,140,"Phoenix, AZ",1,Twitter for Android
roobots,13,6426,18,"Atlanta, GA",1450,874,51004,1382743484701011970,2021-04-15 17:11:51,@joeyweiser didn't they make one recently that was all moms? Because that is what I'm here for,0,0,0,0,94,,1,TweetDeck
Jedi4Liberty,2,15354,10,"Charleston, SC",748,537,24784,1382743484688343041,2021-04-15 17:11:51,@mrjafri You can tell how good he is by going to his IMDB and immediately exclaiming ‚ÄúI had no idea that was him TOO!‚Äù (Over and over again),0,0,0,0,140,,1,Twitter for iPhone
moodymandukies,3,33051,3,,160,266,79342,1382743484671557636,2021-04-15 17:11:51,@BTSOriented Linda is actually widely known back then and now to this day. I used to watch her types of asians videos,0,0,0,0,117,,1,Twitter for iPhone
BarbaraVanlaan,4,22918,1,,122,577,31542,1382743484654882816,2021-04-15 17:11:51,"@peterbakernyt @GioRussonello I will continue to repeat. This is where ""vaccine passports"" can help. If they can't‚Ä¶ https://t.co/KZl4BCwng9",0,0,0,1,139,,2,Twitter for Android
heyfarrahnaz,6,22734,1,Port-au-Prince ,486,309,167952,1382743484650688517,2021-04-15 17:11:51,The ‚Äúgirly!!!‚Äù is sending me üòÇ https://t.co/1nUuuWyZlK,0,0,0,1,54,"Kennesaw, GA",0,Twitter for iPhone
kibblesmith,13,90806,1203,"America, U.S.A.",97006,5690,191512,1382743484621336584,2021-04-15 17:11:51,Btw this is my favorite podcast and this is a particularly good one to start on. Subscribe on your favorite compute‚Ä¶ https://t.co/9iYBGTC40D,0,3,0,1,140,,0,Twitter for iPhone
AliRizvi__,4,11106,1,KHI,172,59,8495,1382743484579348485,2021-04-15 17:11:51,"@hyzaidi Its a joke. SSP is also proscribed and so is ASWJ, but PTI has their MPA Mauvia Tariq as their coalition p‚Ä¶ https://t.co/vb0mCUBDpO",0,0,0,1,140,,1,Twitter for iPhone
hrrysepiphany,0,3463,2,main : harryyseuphoria,237,254,5228,1382743484545785861,2021-04-15 17:11:51,@harryguccidoll what is this https://t.co/AXghMOM0go,0,1,0,0,52,,1,Twitter for iPhone
__iggg,6,27603,6,"Houston, TX",125,192,83109,1382743484449185793,2021-04-15 17:11:51,This radio station my mom listens to is very racist to anyone who isn‚Äôt Christian. It started saying how ‚Äúother peo‚Ä¶ https://t.co/UD7jHItlRC,0,0,0,1,140,,0,Twitter for iPhone
ElvenHimbo,1,719,1,,321,612,492,1382743484428390410,2021-04-15 17:11:51,"Question is;
     Who's getting mounted? https://t.co/KmAy1bXFek",0,0,0,1,64,,0,Twitter for Android
_LC26,9,4446,3,,264,606,8453,1382743484424130566,2021-04-15 17:11:51,#patisuptosomethin he is going to sign with the bucs to punt again. And he will still be hosting his live show daily!,0,0,1,0,117,,0,Twitter for Android
halfmanhalfb00k,5,32027,53,"Wimborne Minster, England",3462,4991,101276,1382743484382261251,2021-04-15 17:11:51,"@tinycharlotte72 That is tough, Charlotte. Sending hugs",0,1,0,0,55,,1,Twitter Web App
Cazbat1978,10,2403,0,NE28 6JH,214,370,2381,1382743484378050560,2021-04-15 17:11:51,@greg16676935420 @TheRoaringKitty Payday is the 23rd üò≠ my stimulus best kick in the government said anytime up to the 23rd as well!,0,0,0,0,131,,2,Twitter for Android
JMStein781,9,174,0,,9,139,376,1382743484340305926,2021-04-15 17:11:51,"@ScottforFlorida But Rick, your favorite amendment is the fifth, isn't it?  We know that because you used it a lot‚Ä¶ https://t.co/ozazb6wZHJ",0,0,0,1,139,,1,Twitter for Android
gavgray,12,12333,11,"√úT: 53.448034,-1.37503",466,233,1800,1382743484281524225,2021-04-15 17:11:51,"@clarkedp @jameson4_david @SkySportsNews @NorwichCityFC üôàüòä
The thing that most don‚Äôt see is that if we‚Äôd spent ¬£20m‚Ä¶ https://t.co/5W58VWYw8H",0,0,0,1,140,,4,Twitter for iPhone
ufeeeelme,3,44638,3,"Oakland, CA",397,509,82711,1382743484273025024,2021-04-15 17:11:51,This hall of fame induction speech is going to be special üòî https://t.co/8rW7r14lBS,0,2,0,0,83,,0,Twitter for iPhone
MohamedFAhmed,12,1263,40,"Seattle, WA",851,1404,377,1382743484231159811,2021-04-15 17:11:51,"Streamlining security, from code to cloud, has been a hot topic. Teams are figuring out how to apply DevOps mindset‚Ä¶ https://t.co/ko93vV7it8",0,0,0,1,140,,0,Twitter Web App
MyJHLS,10,6751,16,"Jackson, MS",544,207,3298,1382743484193460240,2021-04-15 17:11:51,"VIRTUAL PROGRAM HIGHLIGHT: Two fun, live virtual youth programs will be held later this month by Bolden/Moore Libra‚Ä¶ https://t.co/csvoTPLZ8K",0,0,0,1,140,,0,Hootsuite Inc.
KieranCoburn1,1,361,0,,10,191,2511,1382743484159905797,2021-04-15 17:11:51,@NickDickem @BigMoneyBoiHans @CountDankulaTV It is acc good. Been using it for php,0,0,0,0,82,,3,Twitter for Android
djarinluck,3,33746,19,she/her,1190,473,142828,1382743484147372037,2021-04-15 17:11:51,@c4psicle ugh the cinematography is just gorgeous,0,1,0,0,49,,1,Twitter Web App
TauTlhako,9,12740,1,"Johannesburg,SA",499,1430,5577,1382743484084449282,2021-04-15 17:11:51,How come is it so natural for these people to hate? Why???? https://t.co/NHLAOmNr8Y,0,0,0,1,83,,0,Twitter for Android
AccessCompNews,11,5579,4,"Latham, NY",96,84,89,1382743484071874563,2021-04-15 17:11:51,"April is National Distracted Driving Awareness Month - Be safe on the road!

https://t.co/i9Cw7I2bPd‚Ä¶ https://t.co/2hkrO5yNZQ",0,0,0,2,125,,0,Twitter for iPhone
ciaranlennon,12,20752,35,Dublin | Wicklow,2342,1000,13938,1382743484071825411,2021-04-15 17:11:51,@multikev I fear a few truck loads of concrete is more likely !,0,0,0,0,63,,1,Twitter for iPhone
HotAstrology,11,1095,6,WORLDWIDE,503,1267,49,1382743484046602241,2021-04-15 17:11:51,Venus is conjunct my sun today ‚ôâÔ∏è   What should I do to make best use of the energy?,0,0,0,0,84,,0,Twitter for iPhone
the_deenism,1,116,0,,11,25,203,1382743483992145923,2021-04-15 17:11:51,#SafetyFirst Sir plz Exams cancel kren koi Sops follow ni hty. 3rd wave of corona is too much dangerous‚Ä¶ https://t.co/D9N5QY19dq,0,0,1,1,128,,0,Twitter for Android
CobolRonajane,2,2788,0,"Davao City, Davao Region",121,104,995,1382743483870453761,2021-04-15 17:11:51,Consistency is da key mwaps,0,0,0,0,27,,0,Twitter for Android
irajesharma,8,374,0,,5,156,643,1382743483866238987,2021-04-15 17:11:51,"@kamalkhan_NDTV 
It's a big game for online platform,corona and fear is a tool only.Beware",0,0,0,0,90,,1,Twitter for Android
chouxtzu,9,112115,12,,652,162,76122,1382743483832672256,2021-04-15 17:11:51,"WHY is the ""waait for me, I'm comin'"" riff so good in Hadestown ... goosebumps every time. the musical is so long,‚Ä¶ https://t.co/F0OUQVSg0o",0,0,0,1,139,,0,Twitter Web App
Bluehuncho42,0,18,0,,3,61,31,1382743483807641600,2021-04-15 17:11:51,My God is awesome üíØ,0,0,0,0,19,,0,Twitter for iPad
nicoleneverchas,1,295,0,,38,117,3,1382743483778224133,2021-04-15 17:11:51,$OPEN is one of the favorite ill buy the dip,0,0,0,0,44,,0,StockTwits Web
daisiesgrace,7,16048,3,Singapore,194,193,6850,1382743483610324992,2021-04-15 17:11:51,London boy is so dope ahhh the accent but like he‚Äôs my faith and like I‚Äôm sorry to burden you man like im so like h‚Ä¶ https://t.co/eXOpQ2KlCp,0,0,0,1,140,,0,Twitter for iPhone
Kgauza_Spatial,0,3206,0,"Pretoria, South Africa",521,331,0,1382743483589521411,2021-04-15 17:11:51,But Nurkovic showed y'all that Hlatshwayo is useless mos.,0,0,0,0,57,,0,Twitter for Android
asia_mcdermott,5,271,0,"Sedro-Woolley, WA",13,89,2216,1382743483572654086,2021-04-15 17:11:51,BEANS! #today is one of those days where I ain't giving a fuck.,0,0,1,0,63,,0,Twitter for Android
anemonenya,3,7950,12,,418,708,9721,1382743483568521223,2021-04-15 17:11:51,my gf is so pretty,0,0,0,0,18,,0,Twitter for iPhone
Rumi_BTC,1,10,0,,9,59,20,1382743483560169474,2021-04-15 17:11:51,"Defi coins have been on the move the past few days. 

$COMP hit TP of 540 and now is flirting with ATH. If we get a‚Ä¶ https://t.co/KVTko7WfTz",0,0,0,1,140,,0,Twitter Web App
GITZ25995594,1,12091,4,Your best chilean friend.,189,186,1764,1382743483497246720,2021-04-15 17:11:51,"@GoldenMuffinSFM @GamerAndOceanL1 Yes, yes it is =w=",0,0,0,0,52,,2,Twitter for Android
CryptoBananas,4,9860,4,,500,2154,18163,1382743483434213376,2021-04-15 17:11:51,@JessieJamerso Stakin sats is like sex...the more the better,0,0,0,0,60,,1,Twitter for Android
SpaceOink,5,8923,0,Space.... Duh.,146,311,15475,1382743483421757444,2021-04-15 17:11:51,"Well... To start with, it's an intentional comedy. =)
https://t.co/4sPmRFidhv",0,0,0,1,77,,0,Twitter Web App
scotlandishere,7,2839,1,Edinburgh Southside (the parts not demolished by the University),117,175,5960,1382743483421704192,2021-04-15 17:11:51,"@NeilMackay_ This is the Great Mystery. I've seen many tweets today from good, intelligent people happily declaring‚Ä¶ https://t.co/dnUpsBo3gx",1,1,0,1,140,,1,Twitter Web App
jojo_frmtheblck,2,387,0,,26,104,9077,1382743483413372930,2021-04-15 17:11:51,‚ÄúI knoowww we‚Äôll never grow old together.. cause you‚Äôll never grow old to me.. you‚Äôre the pink in my cheeks and I‚Äôm‚Ä¶ https://t.co/lWRUFYC5U5,0,0,0,1,140,,0,Twitter for iPhone
Kirsh_TLFO,12,168904,18,Tally via Miami,863,987,17252,1382743483383959561,2021-04-15 17:11:51,Thought it would be Pau but this is a good choice nonetheless https://t.co/xrfxph733A,0,0,0,1,85,,0,Twitter for Android
love456SHAIL,0,298,0,"‡§≤‡§ñ‡§®‡§ä, ‡§≠‡§æ‡§∞‡§§",7,7,326,1382743483362856964,2021-04-15 17:11:51,@HemaPan68282432 Oh bokas maharani by the way gyn tum de rahi ho muslim nam tumne nahi liya to kh kis rahi ho gadar‚Ä¶ https://t.co/EelMlW3rwW,0,0,0,1,140,,1,Twitter for Android
PR_Rocco_,4,1731,0,,13,84,4232,1382743483300118530,2021-04-15 17:11:51,@koffing2lunch @PeeBugChugRug @CheerioDiabetic @Ulquiorra4sama1 How is it flexing. It's ok the internet not like it‚Ä¶ https://t.co/x3OcS28VBP,0,0,0,1,140,,4,Twitter for iPhone
DavidJRappapor1,2,89516,0,,8,0,19,1382743483228639233,2021-04-15 17:11:51,"And if people are competitive, what I‚Äôm presenting is in smallest part at first glance indistinguishable from paran‚Ä¶ https://t.co/dI6q4ZIiYw",0,0,0,1,140,,0,Twitter for iPhone
A_Fellow_Weeb,6,1204,1,"Chicago, IL",97,762,13274,1382743483216244738,2021-04-15 17:11:51,"@RubeGelatinous I mean, a fun one is the devil contract where they bring back the player and give them one more fre‚Ä¶ https://t.co/uxip7wtrNk",0,0,0,1,140,,1,Twitter for Android
Richard91929614,1,7634,1,,497,587,9089,1382743483191017474,2021-04-15 17:11:51,@KateKparsons7 I find it hard to believe the amount of people that have handed their free will over to outside sour‚Ä¶ https://t.co/irfvwcmOdT,0,0,0,1,140,,1,Twitter for Android
jasmine_gogri,5,6399,2,,105,197,1555,1382743483174297603,2021-04-15 17:11:51,@mybmc @mygovMaha @CMOMaharashtra @drharshvardhan @AmitV_Deshmukh @supriya_sule @BodkheShilpa @OfficeofUT‚Ä¶ https://t.co/jiyPkE1vy2,0,0,0,1,130,,8,Twitter for Android
Vastelle_,4,745,2,She/Her,109,423,6085,1382743483174293506,2021-04-15 17:11:51,"@rustyimpact People move on from your life and that‚Äôs just how it is sadly. I‚Äôve lost some good friends too. 

But‚Ä¶ https://t.co/KZZuNlA9hO",0,0,0,1,139,,1,Twitter for iPhone
Amarve1ous,7,8812,1,,249,362,12405,1382743483107082241,2021-04-15 17:11:51,@PatMcAfeeShow is the new punter for the Patriots #patsuptosomething,0,0,1,0,68,,1,Twitter for iPhone
gimmanuel20,1,3009,0,Location,260,402,30627,1382743483098730497,2021-04-15 17:11:51,Burna is sooo predictable üòÇ https://t.co/lIiH3al6mx,0,0,0,1,51,,0,Twitter for Android
letwinka,11,7643,39,Toronto,1571,1055,7854,1382743483077775361,2021-04-15 17:11:51,@JeremyJamesKane Why learn photoshop when your imagination is rich enough üíñ,0,1,0,0,75,,1,Twitter for iPhone
Ioverlot,7,40331,37,does he take you walking ‚Äòround his parents gallery?,1392,360,24355,1382743483077722112,2021-04-15 17:11:51,@esnyoverice That is literally you,0,0,0,0,34,,1,Twitter for iPhone
kerjaseni,12,10944,4,tanjong,206,308,6757,1382743483073449987,2021-04-15 17:11:51,"@amirhimself wayward is fine. at least you know your path. and if 41 is old, then we get to play the 'during my day‚Ä¶ https://t.co/97vsalQKy0",0,1,0,1,140,,1,Twitter for Android
MajorDiqhedd,2,2890,2,,51,352,141977,1382743483052486660,2021-04-15 17:11:51,"@kinoromii @98Mikeb @EphramOliver I wasn't even in the initial pile-on because I thought the tweet was innocuous, b‚Ä¶ https://t.co/KyiRkYZHPM",0,1,0,1,140,,3,Twitter Web App
matthewxmeehan,12,51555,6,,1186,625,47203,1382743482998034433,2021-04-15 17:11:51,This is the best vegan yogurt hands down https://t.co/I5BdAiL1oz,0,1,0,0,64,,0,Twitter for iPhone
TranquilNothing,2,11,0,avoiding,34,40,1094,1382743482989678594,2021-04-15 17:11:51,"@anarchomuaddab I hope this is a joke, otherwise I am very confused how people get this impression https://t.co/NmMx5LcRNw",0,0,0,0,122,,1,Twitter Web App
SolCelest2005,2,43967,12,READ THE MOTHER FUCKING CARRD,576,543,73678,1382743482985549828,2021-04-15 17:11:51,yes he is https://t.co/uOXwRefMJv,0,1,0,1,33,,0,Twitter Web App
roegodd,2,6258,2,Steamy,385,250,18255,1382743482888900612,2021-04-15 17:11:51,"I hate knowing my pc is going to be here today, legit can‚Äôt sleep cause of it",0,1,0,0,77,,0,Twitter for iPhone
HeyyBabyyDoll,11,71880,23,Wack Ass Woodbridge ,3375,3235,1533,1382743482859728900,2021-04-15 17:11:51,Alton from #TheChallengeAllStars is a beautiful chocolate man üò©üòç,0,0,1,0,64,,0,Twitter for iPhone
Robert_Ike,10,1306,0,CHI-TOWN!!!!!,339,950,2507,1382743482817712133,2021-04-15 17:11:51,@TopherPatt @itsmatthines Are these not both Professional Media? A photo is different from audio only in form. It‚Äôs‚Ä¶ https://t.co/nOAeyZ1niD,0,0,0,1,140,,2,Twitter for iPhone
bkabak,4,12342,22,"Brooklyn, NY",879,292,610,1382743482800828419,2021-04-15 17:11:51,"@stephenfhayes I'm sure you know how much of a load of crap this is, but then again, I see you're a Fox News contri‚Ä¶ https://t.co/UDJ5ET9pD5",0,0,0,1,140,,1,TweetDeck
ChiodoAccord,6,4070,9,,751,619,10612,1382743482771648522,2021-04-15 17:11:51,"@dukemcrae Actually what would really help is playing another gig with you, but I‚Äôm guessing that won‚Äôt happen for a while! üòä",0,0,0,0,125,,1,Twitter Web App
LorellWontLie,0,1757,0,"Michigan, USA",121,763,1787,1382743482717077507,2021-04-15 17:11:51,"@DebraMessing PLEASE RETWEET..
Nathaniel Jermaine Ballard is Wanted by police after GUTTING &amp; Stabbing Andrea Varne‚Ä¶ https://t.co/nFgkmPgqsV",0,0,0,1,144,,1,Twitter for Android
duponline,12,20402,546,Northern Ireland,46792,834,262,1382743482624802820,2021-04-15 17:11:51,In response to @PamCameronMLA  - confirmation that the sharing of Passenger Locator Forms by the Republic of Irelan‚Ä¶ https://t.co/dAmMhZI9jJ,1,3,0,1,140,,1,Twitter Web App
PsychPLockwood,2,68372,33,"Los Angeles, CA",2092,38,137998,1382743482607882240,2021-04-15 17:11:51,"There are relatively equal amounts of love and hate, that fluctuate based upon context and incentives.

He's right‚Ä¶ https://t.co/Uo1kakZDWM",0,1,0,1,139,,0,Twitter Web App
badpersonbot,4,215519,1,,22,0,0,1382743482603823111,2021-04-15 17:11:51,"It is not that Betsy Du Vos glaringly cherishes his dog's facial grease, it's that Donald Trump hatefully hurts ant kingdoms during choir.",0,0,0,0,138,,0,"Cheap Bots, Done Quick!"
indiantweet_,1,301,0,,19,53,345,1382743482599501826,2021-04-15 17:11:51,Maturity is when you stop explaining yourself for the mistakes you haven't done.,0,1,0,0,80,,0,Twitter for Android
avie_lou,1,967,1,she/her ‚Ä¢ 16,9,407,15588,1382743482511593484,2021-04-15 17:11:51,glee is just kidz bop for adults,0,0,0,0,32,,0,Twitter for iPhone
herecomesthebu1,0,3,0,,0,0,0,1382743482486362113,2021-04-15 17:11:51,"Here comes the salad....
.
Our house salad is the ideal bowl to accompany our buns. Crisp Baby Gem tossed in our Gr‚Ä¶ https://t.co/3KbjPWzuR9",0,0,0,1,140,,0,Twitter for iPhone
mahmutkisa1,7,111,0,,108,393,33,1382743482448674826,2021-04-15 17:11:51,"@cz_binance The customer service is bad, but it's great that you honestly speak out the shortcoming and take the in‚Ä¶ https://t.co/FhdWFNXy0F",0,0,0,1,140,,1,Twitter Web App
Felecidae,6,1241,1,Crackhead Arby's,6,599,5221,1382743482360483848,2021-04-15 17:11:50,@cryVanilla Maybe there is something about that vaccine,0,1,0,0,55,,1,Twitter for Android
doloresquintana,12,90075,78,"Los Angeles, CA",2224,3362,136342,1382743482335318019,2021-04-15 17:11:50,"@ErickLorinc I'm SAG eligible, have been for years, but that 3K initiation fee is there to keep people out.",0,1,0,0,107,,1,Twitter for Android
realCATjackson,1,498,0,United States,16,226,715,1382743482264121344,2021-04-15 17:11:50,@TheBabylonBee Why you hating on Bernie? He is about the only politician I wouldn't care about having multiple home‚Ä¶ https://t.co/DtlKIwlCwN,0,0,0,1,140,,1,Twitter for Android
Its_kaakaa,7,9195,0,Miami FL,1706,1901,2509,1382743482251546632,2021-04-15 17:11:50,Smiling from ear to ear this is beautiful üòç https://t.co/mBc4eZsbnt,0,0,0,1,67,,0,Twitter for Android
amorningsting,8,16008,3,texas,1032,386,10467,1382743482238783488,2021-04-15 17:11:50,damn that new Silverstein song is pretty good,0,0,0,0,45,,0,Twitter for iPhone
madninnie2,4,44197,7,Go Steelers,10129,10993,124600,1382743482163429378,2021-04-15 17:11:50,"@tedcruz Everybody HATES you, Ted! Dan Rather is loved.",0,0,0,0,55,,1,Twitter Web App
Vishwag28743947,0,452,0,,9,87,276,1382743482054316034,2021-04-15 17:11:50,"@minicnair @RanaAyyub True,Rana is kosher,very moral, only sleeps with old men like Sinha for personal gains.100% paavam üôè",0,0,0,0,122,,2,Twitter Web App
BrownSu25217333,1,2538,0,,79,970,4505,1382743481882411018,2021-04-15 17:11:50,@PalmsNejii This dude is soo hot,0,0,0,0,32,,1,Twitter for Android
1LadyofBlades1,6,7839,0,United States,38,582,14266,1382743481802764291,2021-04-15 17:11:50,"@Veeren_Jubbal Honestly unless this damn video is just her repeating the words ""i'm sorry"" for a hour and forty i d‚Ä¶ https://t.co/ySxvJa6URB",0,0,0,1,140,,1,Twitter Web App
shitrittamir1,1,149,0,"Aventura, FL",20,112,98,1382743481727254535,2021-04-15 17:11:50,@lordmorganne You can tell this family is from the Philippines.. some of the happiest people I‚Äôve ever met!,0,0,0,0,107,,1,Twitter for iPhone
gettello21,3,3802,0,"Johannesburg, South Africa",1145,1144,8310,1382743481697832964,2021-04-15 17:11:50,@_Teddy2021 Where is it as******,0,0,0,0,32,,1,Twitter for Android
_jeongucci,3,10711,14,"jk's pocket
",411,400,15349,1382743481525805056,2021-04-15 17:11:50,sometimes i remember that jungkook is a man....üò≥üò≥,0,0,0,0,49,,0,Twitter for Android
JurnzYoutube,0,905,0,,5,46,70,1382743481513299969,2021-04-15 17:11:50,"@CobyValentine @SaifAbuarqoub81 @KingJam1s @TomBrady mahomes and rodgers both make brady look like a game manager,‚Ä¶ https://t.co/qbD07zBCoM",0,0,0,1,139,,4,Twitter for iPhone
AlexGPickering,12,512,11,"Los Angeles, CA",547,952,394,1382743481509052418,2021-04-15 17:11:50,JUMPMAN is a Finalist!! üéâ So grateful to announce that our biopic about the life of Shigeru Miyamoto has advanced t‚Ä¶ https://t.co/Bsms55h2xh,1,1,0,1,140,,0,Twitter Web App
Lipsnlashesavon,4,4175,0,paignton,324,322,5460,1382743481463009288,2021-04-15 17:11:50,"N is for‚Ä¶ Nude Lips!

A nude lip is laid-back, but with just enough shading that you can achieve a lovely, fresh li‚Ä¶ https://t.co/cS0ptaUpFV",0,0,0,1,140,,0,Avon_Social
SteveGarufi,12,91649,640,"Rocky Mountains, Colorado USA",10723,295,13412,1382743481462902784,2021-04-15 17:11:50,"@jennyvelo Please know this: From the very beginning in 2016, I spoke out against Donald Trump -- for the evil and‚Ä¶ https://t.co/VM5LMnEcNd",0,0,0,1,139,,1,Twitter Web App
omlsheen,1,5590,15,She/Her,416,257,15592,1382743481429417989,2021-04-15 17:11:50,@blisschoir Our therapy is literally them üôÉ,0,0,0,0,43,,1,Twitter for Android
sigmaticsaki,6,50476,7,,195,263,26768,1382743481412694016,2021-04-15 17:11:50,@FatalBracerSol he is the picture that shows up in the dictionary next to the definition of 'hunk' he is nowhere cl‚Ä¶ https://t.co/D5cRuYUZNp,0,1,0,1,140,,1,Twitter Web App
Baxter97907217,1,4367,0,Building,54,106,10135,1382743481286848512,2021-04-15 17:11:50,@TenkoSh35603302 @nachthanos @itastan_ @WSJ_manga You‚Äôre smoking dick and toe nails if you think BC is better than JJK ü§•,0,0,0,0,120,,4,Twitter for iPhone
nug_bud,1,779,0,,6,197,141,1382743481190293504,2021-04-15 17:11:50,@Jim_Jordan Aren't you guys anti-cancel culture? Or is that only when the other side does it?,0,0,0,0,93,,1,Twitter Web App
rajsiingh,7,2774,0,"Kolkata, India",29,321,15370,1382743481152507907,2021-04-15 17:11:50,@payal_trustable @Kourageous5 Porn is highly addictive than drug 1-2 hr mohaul banane main nikal jata h.,0,0,0,0,104,,2,Twitter for Android
CleopatraJo007,1,11237,4,"Teaneck, NJ",530,1226,20094,1382743481068752898,2021-04-15 17:11:50,@DraftTulsi @hofunti @GeoffMiami I didn‚Äôt write that to you sweetheart. I was replying to the young lady that comme‚Ä¶ https://t.co/8lrKgiS2tn,0,0,0,1,140,,3,Twitter for iPhone
Snickers_xO_,11,97421,3,,964,900,11085,1382743480888397830,2021-04-15 17:11:50,This is great !!! https://t.co/Qw5paRMuvf,0,0,0,1,41,,0,Twitter for iPhone
diano_manutd,3,4812,0,"Chicago, IL",41,489,8362,1382743480888352769,2021-04-15 17:11:50,Summer is coming get ready for ‚ÄùAshley stopped sharing location with you‚Äù #chicago #playpen more vibes coming soon,0,0,2,0,114,"Logan Square, Chicago",0,Twitter for iPhone
einnnoc,11,132399,4,manny. greatest of manchesters,846,799,4366,1382743480762515460,2021-04-15 17:11:50,gonna be honest. number 2 is very random https://t.co/UOvmIvWZ1A https://t.co/mzhn4u3cRF,0,0,0,1,88,,0,Twitter for iPhone
kittycatgundam,5,75620,21,"Savannah, GA",401,1564,96196,1382743480745754628,2021-04-15 17:11:50,"@Death_By_Chair @MarkAllenJr @_Unexpectables_ Wow, that is awesome!üò∫",0,1,0,0,68,,3,Twitter for Android
undyingfansonly,1,2169,0,,19,823,3254,1382743480699547652,2021-04-15 17:11:50,@iamuvoid This person is a scammer all he wants is clout. I won his previous giveaway and he refused to give it to‚Ä¶ https://t.co/eCzwnFMsNV,0,0,0,1,139,,1,Twitter Web App
Stanisa84110799,3,29104,6,Europe,882,567,32135,1382743480691257344,2021-04-15 17:11:50,@RationalMale The question is: Will US deploy troops to help Poland?,0,0,0,0,68,,1,Twitter for Android
FisherParton,4,4427,2,An island in the Pacific. ,132,94,4542,1382743480661803013,2021-04-15 17:11:50,2/ in which COVID is unknown. Is my choice right or wrong? #writerslife #writing #amrevising #amediting #amwriting‚Ä¶ https://t.co/aFqIxfLkuI,1,0,5,1,139,,0,Twitter Web App
jbondpreston,6,3594,0,,73,787,41238,1382743480565432326,2021-04-15 17:11:50,@katievpritchard that is a classic photo,0,0,0,0,40,,1,Twitter for iPhone
PinkCynwes,6,2268,0,,84,284,3552,1382743480536068097,2021-04-15 17:11:50,@JDVance1 You‚Äôre a real piece of work. Making YOUR story be very mans story and making the world believe Appalachia‚Ä¶ https://t.co/a4K8oKnB8N,0,0,0,1,140,,1,Twitter for iPhone
Proof69,12,32567,1,Inland Empire,1486,2015,14385,1382743480468852738,2021-04-15 17:11:50,"That is 20 shades crazy, and if the driver was a POC they wouldn‚Äôt have made it to the mug shot. What does that say‚Ä¶ https://t.co/nlQGDZtvCP",0,0,0,1,140,,0,Twitter for iPhone
TheCountryBoys,12,28672,23,"Las Vegas, NV",1432,1416,3970,1382743480447881218,2021-04-15 17:11:50,"@IrishVoluntary1 How many Cuban refugees do you know that told you that?

The few I met were all doctors who told m‚Ä¶ https://t.co/ykgmKFJwyC",0,0,0,1,140,,1,Twitter for Android
AjpgSoggy,2,616,0,Going to Nintendo HQ ,11,111,601,1382743480351481856,2021-04-15 17:11:50,@insomniacgames i played this game when i got my PS5 and OMG this game is amazing and also platinumed it,0,0,0,0,104,,1,Twitter Web App
sarcas18,2,1500,1,"Paramount, CA",58,447,8607,1382743480334655490,2021-04-15 17:11:50,@TheHugFairy @Technothepig @killyourself @meowmeowdreamxd Nah this is way to fucking far,0,0,0,0,88,,4,Twitter for iPhone
ErraticEry,1,1231,1,,165,310,6830,1382743480305217537,2021-04-15 17:11:50,@spillthekatea @junesipariis Definitely this is Sherlock from yuumori üòÇ https://t.co/HQpCuXLspi,0,0,0,0,95,,2,Twitter for Android
TheMikeWitt,1,432,0,,2,43,1054,1382743480271720449,2021-04-15 17:11:50,@Conway226 @McNamaraDynasty ...for you but I guess it's not a bet I would make knowing what I know.  The valuation‚Ä¶ https://t.co/62Zp6nknrh,0,0,0,1,139,,2,Twitter Web App
retepnnamffoh,2,894,0,Edinburgh and the Highlands,36,123,783,1382743480154390534,2021-04-15 17:11:50,"@UghYaKnow @HeartScotNews @NicolaSturgeon Health is devolved: Sturgeon said ‚ÄòScotland is not New Zealand, geographi‚Ä¶ https://t.co/TRNNpZP810",0,0,0,1,140,,3,Twitter for iPhone
Actinbadd_bob,10,36414,4,Chi-town / Dallas,1634,790,3291,1382743480057929733,2021-04-15 17:11:50,Being too comfortable is a dangerous drug.,0,0,0,0,42,,0,Twitter for iPhone
Lionel46294550,3,105071,62,"London, England",8610,1625,66628,1382743480024305667,2021-04-15 17:11:50,My dad had his hip operation and is awake üëç while I waited walked round Oxford where I grew up üòä https://t.co/0CGVRJDgBL,0,10,0,0,120,,0,Twitter for iPhone
lazysbrina,0,370,2,carpenter.,197,283,109,1382743479965655045,2021-04-15 17:11:50,hi not wanting to bother but would you give me your hand in marriage? is for a science project about me loving you https://t.co/frW5tCF6uD,0,0,0,0,138,,0,Twitter for iPhone
fvckingsassy,3,7255,0,,224,261,644,1382743479936110595,2021-04-15 17:11:50,It is what it is then. https://t.co/1Q8C4rXob6,0,0,0,0,46,,0,Twitter for iPhone
FactChecker41,3,7562,0,,0,74,31,1382743479919460358,2021-04-15 17:11:50,@WHCOS Add restoration of ALL the middle class tax deductions eliminated under Reagan 1986 &amp; Trump 2017 tax plans.‚Ä¶ https://t.co/26kyH3fyJQ,0,0,0,1,143,,1,Twitter for Android
nebulalazu,4,65677,7,,439,584,944,1382743479852367876,2021-04-15 17:11:50,@SundoombringerX Honey..... power bottom and service top is the best combo,0,0,0,0,74,,1,Twitter for Android
FA2PAK,1,3612,0,,363,376,591,1382743479831388160,2021-04-15 17:11:50,@Optimis08603486 @Taha48073202 @AsYouNotWish It is indian armyüòúüòõ https://t.co/OioXcORPyT,0,0,0,0,88,,3,Twitter for Android
Carnage4907,11,19718,8,new york,124,270,2056,1382743479781052420,2021-04-15 17:11:50,"#thegameawards is now streaming #Core https://t.co/rX8ElPkLHS 

#ContinueTheMonsterverse",0,0,3,1,88,,0,IFTTT
PonchoRebound,5,29571,49,,3156,1507,64473,1382743479751704582,2021-04-15 17:11:50,"I'm sad to report that this headline is way, way more exciting than the actual story: https://t.co/2rHJ3b5Y26",1,6,0,0,109,,0,Twitter Web App
theesmere,8,13819,0,,342,452,23781,1382743479718182915,2021-04-15 17:11:50,Update: just talked to my dad and it was so nice. I love my dad why do I procrastinate speaking to him?? My brain is weird.,0,2,0,0,123,,0,Twitter for iPhone
pr0pee,3,13503,0,9th dimension,47,186,39768,1382743479676141572,2021-04-15 17:11:50,"i kinda wanna do that ""guess who this character is"" thing with my friend, but idk...

...im still kinda nervous wit‚Ä¶ https://t.co/ARMWhcX4xM",0,0,0,1,140,,0,Twitter for Android
sineatrix,12,5833,23,"Berkeley, CA",996,842,13266,1382743479671877639,2021-04-15 17:11:50,"First year grad student today ‚ÄòSo I realized, this is just like an Ising model. And it worked. Is everything really an Ising model?‚Äô",0,0,0,0,132,,0,Twitter for iPhone
peterm6948,0,2,0,,0,0,0,1382743479663607808,2021-04-15 17:11:50,My cock is so hard #dmmegirls #horny #cock #pussy #tits #sext #nudes,0,0,7,0,68,,0,Twitter for Android
CoachMike_Seney,12,59192,5,"Baltimore, MD",1233,744,4440,1382743479646892038,2021-04-15 17:11:50,This is so tough!!! Wow you know Kobe wouldn't want it any other way https://t.co/mogRsWwW0A,0,0,0,1,92,,0,Twitter for iPhone
WriterJennDunn,13,19768,163,"The Blue State of Georgia, USA",5032,3041,74260,1382743479554613255,2021-04-15 17:11:50,"@hella_enchanted *I‚Äôm* proud of your thesis, and I don‚Äôt even know what it‚Äôs about. (What is it about?)",0,1,0,0,103,,1,Twitter for iPhone
JKDAnthony10,10,101614,16,,1519,745,769,1382743479533600769,2021-04-15 17:11:50,"@rich_outlaw They did this same shit with the COVID relief bills (remember the ""skinny"" bill?).

There is literally‚Ä¶ https://t.co/tJG2GAlswS",0,0,0,1,140,,1,Twitter Web App
The___Taurus,1,17426,1,The peaceful world!,832,843,19653,1382743479483301893,2021-04-15 17:11:50,"Pure Soul SSR is guiding us üôè
#JusticeForSushantSinghRajput",7,7,1,0,59,,0,Twitter for Android
Colorado_Brave,11,3419,7,"Louisville, CO",573,1960,2593,1382743479474810887,2021-04-15 17:11:50,@HawleyMO My only complaint against the dems is they have been to soft on seditious senators like yourself and Cruz. You should be in jail.,0,0,0,0,139,,1,Twitter Web App
MarkGodman,10,3498,0,"Roanoke, VA",120,421,8362,1382743479407763456,2021-04-15 17:11:50,@JOSHESCULT 21 pilots is best when you turn it off,0,0,0,0,50,,1,Twitter for iPhone
12sly,12,23692,13,Jakarta Capital Region,485,195,670,1382743479399292928,2021-04-15 17:11:50,"Shocked! This is like a dream come true sih, gilakkk! üî•",0,0,0,0,55,,0,Twitter for iPhone
fuzeetrade,0,67,0,,2,20,14,1382743479386845185,2021-04-15 17:11:50,"People are always worried about taking out at the ‚Äútop‚Äù. Let‚Äôs understand, to time that is pretty much impossible,‚Ä¶ https://t.co/d0K2v8Z7VH",0,0,0,1,139,,0,Twitter for iPhone
ClearlyNh,1,7279,0,,110,341,776,1382743479382650882,2021-04-15 17:11:50,"Fauci is full of shit.  He doesn't give specific numbers, he lies about the # infected and oh by the way IT'S THE F‚Ä¶ https://t.co/8tPwYFn86M",1,1,0,1,140,,0,Twitter Web App
jacqvalencia,3,9018,5,Toronto,729,749,18759,1382743479349039105,2021-04-15 17:11:50,The @FoodShareTO donates boxes to our low-income building. Their activism on food security is inspirational &amp; neede‚Ä¶ https://t.co/EzbCKALCLl,0,1,0,1,144,"Toronto, Ontario",1,Twitter for Android
ianhavens_nj,5,1995,0,"Wyckoff, NJ",78,109,3814,1382743479277789190,2021-04-15 17:11:50,"Not everyone in the film/TV industry has to striving towards directing/writing/producing/DPing, for some people the‚Ä¶ https://t.co/bPrFTuNqXl",0,0,0,1,140,,0,Twitter for Android
Chicanatravels,6,50863,9,,2210,1670,62880,1382743479256711178,2021-04-15 17:11:50,@dsfreem @BetoORourke Tacos de Buche with choriz√≥ to be very specific. Taqueria Don Chico in Zaragoza Rd is a good spot but there are many.,0,0,0,0,139,,2,Twitter for iPhone
temptressangeI,6,13747,16,,550,205,36304,1382743479244165127,2021-04-15 17:11:50,@LiamPayne why is your hair line the only thing pixilated üßçüèº‚Äç‚ôÄÔ∏è,0,1,0,0,63,,1,Twitter for iPhone
RugieMilk,1,7075,3,She/him ‚Ä¢ Bi ‚Ä¢ Multi ‚Ä¢ üá∏üáª,148,288,14722,1382743479214878721,2021-04-15 17:11:50,i feel like my username/online name is so unique,0,0,0,0,48,,0,Twitter Web App
LoreByNightVTM,2,12387,14,The Second City,1727,212,28575,1382743479202295809,2021-04-15 17:11:50,"Ok #Vamily, time to thirst over Daddy Mithras! 

To learn about Mithras, his cult and the British Isles in the Worl‚Ä¶ https://t.co/yu4GfmOoMy",1,2,1,1,140,,0,Twitter for Android
TsuyoXmr,3,21609,9,Spain (he/them) ,1167,871,48896,1382743479105818637,2021-04-15 17:11:50,"oH shiet, using flash for something that is not a FNF sprite or a WTD flash????? https://t.co/WnE58lje5F",0,5,0,0,104,,0,Twitter Web App
markiepoof,1,6843,0,,444,448,8072,1382743479093137409,2021-04-15 17:11:50,STREAM THE FULL VERSION AND NOT THE 5 MINUTE ONE. it got higher views than the full ver. 5m in 24 hours is the goal. ‚àö‚àö‚àö‚àö‚àö,0,0,0,0,122,,0,Twitter for Android
yizhantime,1,2395,50,for: #Áéã‰∏ÄÂçö and #ËÇñÊàò.,5814,1,36,1382743478996762629,2021-04-15 17:11:50,"i don't know about you but for me it is so incredible the way they seemed destined for each other, i hope to find someone for me like this.",2,14,0,0,139,,0,Twitter for iPhone
MicDeWayne,11,70995,9,ü§òüèæTown,4171,3952,32813,1382743478988333066,2021-04-15 17:11:50,Niggas crashed the converse site off speculation... that‚Äôs why the SNKRS app is a thing ü§£ü§£ü§£,0,2,0,0,91,,0,Twitter for iPhone
NiallQuinnLK73,6,10515,3,"Limerick, Ireland",775,758,9276,1382743478808023042,2021-04-15 17:11:50,@ConorSheehan93 @drivetimerte What's also disgraceful is RTE are persistently finding these characters from various‚Ä¶ https://t.co/gtJI5pHV6g,0,0,0,1,140,,2,Twitter Web App
PamKeithFL,6,86370,915,Fort Pierce FL-18,132859,5526,15239,1382743478778671109,2021-04-15 17:11:50,@emilyslist @JCarrollFoy has caught my eye and is making big moves.,1,2,0,0,67,,2,Twitter for iPhone
Dramadaddy,12,2507,0,"Ft. Worth, TX",57,298,1559,1382743478765977605,2021-04-15 17:11:50,"@natstaygolden Tyler is 100% wrong, the zombies are white walkers. They come from the Frozen North &amp; their skin turns white.",0,0,0,0,128,,1,Twitter for iPhone
justdavewrites,6,11768,12,Ottawa,103,263,47375,1382743478711554050,2021-04-15 17:11:50,@JoseMolinaTV Inclusion as stereotype is no inclusion at all it's just keeping people in boxes.,0,0,0,0,95,,1,Twitter for Android
ttvntthappiness,1,17810,3, ÌÉúÍµ≠,188,101,14743,1382743478648463362,2021-04-15 17:11:50,"This is always my favourite too
P'Tay's big smile üòä
Goodnight P'Tay @Tawan_V
Take a rest and have a nice dream

PS.‚Ä¶ https://t.co/BfJQOSEvDZ",0,0,0,1,140,,1,Twitter for Android
emvdevine,9,10826,8,"Marshfield, MA",503,764,48429,1382743478602502144,2021-04-15 17:11:50,@aarugo Legit start my day by saying ‚Äúdamn I look good‚Äù even when I feel like junk and it is a game changer,0,0,0,0,107,,1,Twitter for iPhone
Harshit_258,7,30,0,"Dehradun, India",3,16,0,1382743478602321921,2021-04-15 17:11:50,"This is the treatment for COVID +ve patientfor medicine, Apollo pharmacy is saying come to store they are not able‚Ä¶ https://t.co/djkLKlhNxg",0,0,0,1,139,,0,Twitter for Android
kassiopeiaVt,7,23008,96,"Space, Probably",1274,630,52816,1382743478497542146,2021-04-15 17:11:50,"@RosalynnCH Honestly!

I was p content, since I don't have many positive dreams, but etiquette is still important ;w;",0,1,0,0,117,,1,Twitter Web App
PoonamM94526256,3,17,0,"Lucknow, India",2,128,37,1382743478476578818,2021-04-15 17:11:50,Now a days don't know what is going on üôÑ,0,0,0,0,40,,0,Twitter Web App
BhaktUnofficial,3,20860,9,,2960,3743,45626,1382743478472433667,2021-04-15 17:11:50,"Richard Parker is really angry, I shared his food with another cat... https://t.co/684XHKwT42 https://t.co/L3267YN7uA",0,4,0,1,117,,0,Twitter for Android
wpduk,8,146896,329,United Kingdom,39900,190,6403,1382743478417915910,2021-04-15 17:11:50,"@westernpowerwa @RedhillsAnnie @cardiffcouncil Hi Pauline, we can attend to have a look at this, please can you con‚Ä¶ https://t.co/YdePn6vpvf",0,0,0,1,140,,3,Conversocial
badwaltirath,8,9793,3,DE | Universe,291,451,11778,1382743478367584256,2021-04-15 17:11:50,If you feel like you‚Äôve seen something from my Twitter that you want to contact me about then please do. Everyone is welcome,0,0,0,0,124,,0,Twitter for iPhone
videodrew,13,42831,228,"Los Angeles, CA",9573,6872,27488,1382743478342328321,2021-04-15 17:11:50,"Okay so THAT is an appropriate-age love interest. For, I‚Äôm hoping, both of them? https://t.co/Q0Ajp3F1to",0,3,0,1,104,,0,Twitter for iPhone
MC_XL_Official,11,197604,15,"Jackson, MS",1844,1657,2367,1382743478317244419,2021-04-15 17:11:50,How is Jill Scott not a vibe??,0,0,0,0,30,"Jackson, MS",0,Twitter for iPhone
MFPP96,2,219,0,M√©xico,32,33,107,1382743478300405763,2021-04-15 17:11:50,"Fear is paralizing,
As vipers and spiders
Prison, of the mind,
Poison, of the heart, 
Courage, as antidote
Words, a‚Ä¶ https://t.co/CXflC7rkdR",0,0,0,1,140,,0,Twitter Web App
sohoshrock,1,1613,0,,68,55,343,1382743478166290437,2021-04-15 17:11:49,@TorstenBell @CampaignTim our creative sector's world beating &amp; often overlooked tho I guess you could include prop‚Ä¶ https://t.co/42DJNakn2x,0,0,0,1,144,,2,Twitter for Android
orangesodatweet,3,24614,1,A South Jersey Grocery Store,355,2566,40138,1382743478132674562,2021-04-15 17:11:49,"@ThoseWhoDwell Is she doing this because she said some blatantly transphobic shit a few weeks back

does she think‚Ä¶ https://t.co/OOLbvDJ0Li",0,1,0,1,139,,1,Twitter Web App
alexh459,1,4799,13,Free Objection Handling Course,2197,975,5408,1382743478023643137,2021-04-15 17:11:49,"This is why it‚Äôs important to know how to educate your sales on your offer in the onboarding process 

We share our‚Ä¶ https://t.co/e46vOTUb4w",0,0,0,1,140,,0,Twitter for iPhone
karlacjacobs,8,19220,19,"Atlanta, GA",1174,1790,127459,1382743477964959744,2021-04-15 17:11:49,"@LesterTate I don't. You have a different platform on national issues than I do, and it's important that we point o‚Ä¶ https://t.co/rKcEgKZv5R",0,1,0,1,140,,1,Twitter Web App
NESColleen,12,21950,9,"Allston - Brighton, Boston",439,533,3995,1382743477939798019,2021-04-15 17:11:49,"@MorganAssante oh my god, I'm so sorry! I get my second shot tomorrow and got the next day off! which I know is str‚Ä¶ https://t.co/mHfc4okTWw",0,1,0,1,140,,1,Twitter Web App
ASnilloc,10,1150,0,,2,277,702,1382743477939699714,2021-04-15 17:11:49,"@FredJon78037142 @gabrielroth This is a really good story, actually. It's so hard to wean people off the Reply All.",0,0,0,0,115,,2,Twitter Web App
obierwin,0,636,0,watching OP | ‚ôÄ,454,440,1648,1382743477922971650,2021-04-15 17:11:49,‚Äúmutual feelings; Eren is dead‚Äù Ah listo dale gracias üëç https://t.co/NrAUJHTCAh,0,1,0,1,79,,0,Twitter for iPhone
hassanabduali,10,11741,1,"Abuja, Nigeria",2702,2077,20375,1382743477906182145,2021-04-15 17:11:49,Core is Islamic teaching üôè https://t.co/HGTEz1saEL,0,0,0,1,50,,0,Twitter for iPhone
RhythmDamacy26,1,9822,2,waffle house,96,696,7831,1382743477839085568,2021-04-15 17:11:49,"when i saw a episode of infinity train my first thought was ""this is way too serious for cn standards""",0,0,0,0,102,,0,Twitter Web App
MISS_LM13,11,23576,3,,665,543,1837,1382743477826551814,2021-04-15 17:11:49,Triggered cause this is 100000% me https://t.co/4caOJHDUSw,0,0,0,1,58,,0,Twitter for iPhone
doodletisse,5,14514,1,yo mamma,103,387,37614,1382743477759275012,2021-04-15 17:11:49,@AllisonPregler There's something to be said for the fame-lifespan of a creative whose only output is negative.,0,0,0,0,111,,1,Twitter Web App
Kadirirasaq,9,909,0,"Lagos, Nigeria",106,808,975,1382743477742620677,2021-04-15 17:11:49,@DStv Tstv is our choice,0,0,0,0,24,,1,Twitter for Android
Eagle3673,0,897,0,,13,95,2067,1382743477713264643,2021-04-15 17:11:49,"@ihti_writes @MohmandZone @Nauman87199373 And just to be clear, I don't like PTI, this government or Imran Khan. Th‚Ä¶ https://t.co/oE1gESrFNW",0,0,0,1,140,,3,Twitter Web App
editor_pmrt,9,8439,2,"Raleigh, NC",202,797,8290,1382743477549666309,2021-04-15 17:11:49,"Running as a Democrat and saying this is gaslighting the people of North Carolina.

Democrats can't even make sure‚Ä¶ https://t.co/1U5Cj7jj5a",0,0,0,1,139,,0,Twitter Web App
JeannePaysse,1,2334,0,,368,615,5543,1382743477532909580,2021-04-15 17:11:49,@SaltLifeGA @Just_Joe_Joe Damn....I can‚Äôt believe I missed this. Well....I was recouping from surgery but that is n‚Ä¶ https://t.co/BjqyTt1sdZ,0,1,0,1,140,,2,Twitter for iPad
nopms4mebb,2,26216,0,Home sweet gone.,560,492,96411,1382743477532889093,2021-04-15 17:11:49,@LizerReal We are seeing the outcome of not learning enough about the real history of this country. This has nothin‚Ä¶ https://t.co/AAoQ6cnXo9,0,0,0,1,140,,1,Twitter for iPad
JeffLarrow,8,263,1,"Killingly, CT",57,158,272,1382743477448937473,2021-04-15 17:11:49,"With Earth Day coming up on April 22, it‚Äôs time to start thinking about how your students can participate in this y‚Ä¶ https://t.co/8g79IPkoDH",0,0,0,1,140,,0,Hearsay Social
beth_gauen,4,3738,0,"Joliet, Illinois",80,414,20785,1382743477369372684,2021-04-15 17:11:49,"@LeaderMcConnell By liberals, do you mean the majority of us who voted for this administration? Or, the nearly 70%‚Ä¶ https://t.co/EM6FupEHbX",0,0,0,1,139,,1,Twitter Web App
IronMetabolism,0,9,0,"Kentucky, USA",1,25,180,1382743477339979779,2021-04-15 17:11:49,@twalls24 @davidnexusbtc @RussellOkung Because it is not our job to do the hard work for you. Google is easy enough to use.,0,0,0,0,123,,3,Twitter for iPhone
hummy007,2,21114,0,,344,339,75519,1382743477298024455,2021-04-15 17:11:49,"Purpose of fasting in Ramadan is to feel what the less fortunate go through when on a daily basis, as an adult saum‚Ä¶ https://t.co/QnO7AcBAWk",0,2,0,1,140,,0,Twitter for Android
Dortisdpoy,5,3045,0,"Tulsa, OK",110,304,22877,1382743477130170368,2021-04-15 17:11:49,@themilkmanal This is the only cool person that follows me https://t.co/tXt7UFd59g,0,2,0,0,82,,1,Twitter for iPhone
therahulswift,1,47,0,India,5,31,393,1382743477054709762,2021-04-15 17:11:49,"@AbhayTvg @burner_bits I'm not saying a14 is not good I know potential of it.
But what if......?
Somtng greater tha‚Ä¶ https://t.co/PrmChH861Z",0,0,0,1,140,,2,Twitter for Android
NSUFilmStudies,7,22210,11,New Orleans ‚Ä¢ Donostia,644,87,82264,1382743476979130368,2021-04-15 17:11:49,"It's easy to respond to the @ChnolaNeighbors idiots by saying (1) it's saving lives or (2) you live in a city, but‚Ä¶ https://t.co/7xaVbbL8uh",0,2,0,1,139,,1,Twitter Web App
lizhenry,15,67849,422,San Francisco,7703,7819,241827,1382743476958232577,2021-04-15 17:11:49,@SimpleBoatMan This is violence against lentil stew with carrots,0,2,0,0,64,,1,Twitter Web App
emanilove11,2,23129,0,Cooknnnn up sum shitttüçûüå≠ü•ò,396,625,4042,1382743476954091521,2021-04-15 17:11:49,Salmon dinners tommorrow üíïüíïüòòüòòüòòüòò $25 stay tuned Glazed Salmon over jasmine rice with garlic broccoli and homemade ma‚Ä¶ https://t.co/SP9QJre7F8,0,0,0,1,140,,0,Twitter for iPhone
EarpBronwyn,1,11237,8,Purgatory (#NZHellhole),417,934,16670,1382743476807241731,2021-04-15 17:11:49,"@autostraddle Never a doubt. Real vs imagined wins everytime 
This is why this show is so good   no tropes no baiti‚Ä¶ https://t.co/EmUnX7BrLi",0,0,0,1,140,,1,Twitter for Android
manoncrochn,0,3402,11,velaris  | she/her,534,465,3958,1382743476744433665,2021-04-15 17:11:49,@IALinwonderland Now the probelme is i post about them a lot üßçüèª‚Äç‚ôÄÔ∏è,0,1,0,0,66,,1,Twitter for iPhone
JyotiSa53211964,0,1,0,,0,0,0,1382743476735905792,2021-04-15 17:11:49,My Father Is Fighting For His Life And We Need Your Support To Save Him https://t.co/qSnZG5GGTe,0,0,0,1,95,,0,Twitter for Android
LondonLuxxx,7,831,4,Chicago ,4697,143,688,1382743476710875144,2021-04-15 17:11:49,"$5 onlyfans This is your jerk off material headquarters. I enjoy JOI * BWC / BBC worship, raceplay and so much more‚Ä¶ https://t.co/1Jc6Rzkxng",0,0,0,1,140,,0,Twitter Web App
JR_SELFMADE1,1,693,0,"Warlando, Gunshine State FL üå¥",35,32,17,1382743476689899521,2021-04-15 17:11:49,Niggas is really pussy üí®,0,0,0,0,24,,0,Twitter for iPhone
JonnySmart1961,10,3610,3,"leeds, UK",282,942,4179,1382743476656279553,2021-04-15 17:11:49,"@Kandol20 Good to see the top priorities of the day being tackled, and the nodding dog that is our print media playing along.",0,0,0,0,125,,1,Twitter for iPhone
Neil81417504,0,602,0,,11,10,165,1382743476647964673,2021-04-15 17:11:49,"@carolecadwalla @ciabaudo What is justice..for police.... 

MCLUCKIE, David, Councillor. 

Jailed.

Correspondence‚Ä¶ https://t.co/lAFal7oOp7",0,0,0,1,139,,2,Twitter for Android
tychonbbcan9,0,270,19,,1929,21,728,1382743476585033730,2021-04-15 17:11:49,"@geminyahh @LindaSusun Stop Lovely, leave it alone...she doesn't get it nor does she want to, looks like her name is Karen also üòë",0,1,0,0,129,,2,Twitter for Android
MK240458,1,983,0,"eBulungwani, eMzansi (RSA)",88,719,1212,1382743476580839431,2021-04-15 17:11:49,"@kriswentzel9 We committed the gross mistake of our lives by putting the mafia mob, that the ANC is, in power.",0,0,0,0,110,,1,Twitter for Android
_KoreanHeir,3,38194,4,,1784,2151,40434,1382743476572450818,2021-04-15 17:11:49,@Nafansifi @cen_cali21 I is lost.... lolll what?,0,0,0,0,48,,2,Twitter for iPhone
sakshamjain69,1,16,0,,1,264,147,1382743476517834753,2021-04-15 17:11:49,@rajasthanroyals Miller is there.... Now admin you better keep quiet. U don't need to say anything just like u did with manan vohraüòí,0,0,0,0,132,,1,Twitter for Android
naughtybadger4,1,3530,1,,95,132,5778,1382743476480184322,2021-04-15 17:11:49,what is baked beans what are they where did they come from,0,0,0,0,58,,0,Twitter for Android
bbqchikenn,1,522,0,Faneto,68,161,3355,1382743476442398722,2021-04-15 17:11:49,@skrat2rat Snow is fun the first time it comes but then it‚Äôs annoying af. I‚Äôm fine with a couple cold days and rain‚Ä¶ https://t.co/2j5Kjp4Rj0,0,0,0,1,140,,1,Twitter for iPhone
DonaldTrumpov,5,44929,1,,31,3,0,1382743476413022211,2021-04-15 17:11:49,America America is in the Middle East and I have to study what‚Äôs happened afterwards. I‚Äôm actually starting to say‚Ä¶ https://t.co/Dxp58IfYit,0,0,0,1,139,,0,Trump LOLs
RabidBadger,13,375895,132,My Own Private I Dunno,2557,2032,81985,1382743476354306051,2021-04-15 17:11:49,"I'm sure 13 year old Adam Toledo just ""tripped and fell into the bullet"" and I'm sure Mainstream Media will parrot‚Ä¶ https://t.co/RoTeYC5iXF",0,0,0,1,139,,0,Twitter Web App
sassystacii,12,2062,0,indiana,93,193,1503,1382743476345958405,2021-04-15 17:11:49,"Workout coach: ‚Äúwhat is your ‚ú®why‚ú® tell me why you want to be here!!!‚Äù 

Me on the treadmill gasping for air: ‚Äúbecause I love fooooood!!! üò´‚Äù",0,0,0,0,140,,0,Twitter for iPhone
missmattu,6,60808,7,üìçLEI,5765,4555,66648,1382743476295643140,2021-04-15 17:11:49,@musicmmj_ You know what? I got it confused for love is blind üò≠ I‚Äôm binge watching it now though,0,0,0,0,96,,1,Twitter for iPhone
lieberfeld,2,33,0,"Pittsburgh, PA",4,115,549,1382743476283006984,2021-04-15 17:11:49,"@RachelBitecofer @SpeakerPelosi This is a very poor measure of ideology. It (1) conflates ideology w/ partisanship,‚Ä¶ https://t.co/guduYbNQXA",0,0,0,1,140,,2,Twitter Web App
Pjbass1610,12,23256,19,Nigeria!,2307,3836,15899,1382743476245311488,2021-04-15 17:11:49,"@LadyGrasha This is a deep topic, but go for strong positive character that makes it easy",0,0,0,0,89,,1,Twitter Web App
_Shmurds,3,2808,1,Port Elizabeth || Dutywa,947,1608,6928,1382743476245250055,2021-04-15 17:11:49,"@Cnae6 @hashnode Let me bookmark this, Java is dusting me rn",0,0,0,0,60,,2,Twitter for Android
Richkard626,6,953,2,#WrestlingForever,256,218,20472,1382743476220145664,2021-04-15 17:11:49,What the fuck is this thumbnail https://t.co/kjJ8y3nuQl,0,0,0,0,55,,0,Twitter for Android
itsMaximize,1,6893,1,California,433,395,16577,1382743476182290437,2021-04-15 17:11:49,@Cllickss Today is a double dayüòå,0,0,0,0,32,,1,Twitter for iPhone
IndreJanusausk,3,188344,9,"Lithuania, Kaunas",793,894,229671,1382743476157173765,2021-04-15 17:11:49,"@TTiliya WOW!üëÄ So many of them, this is absolutely incredible üòçüòçüëåüëåüëå",0,0,0,0,67,,1,Twitter Web App
MaryPMurray,10,2393,4,NEPA,247,1325,5338,1382743476119429123,2021-04-15 17:11:49,@ADouglass22 @TrentCapelli ü§ûüèªI hope they take that rocker and those stripes. Dishinorable @ a Private is my vote.,0,0,0,0,113,,2,Twitter for Android
TheLadyPim1,3,5515,37,"Toronto, Ontario",11135,1304,52786,1382743476098506752,2021-04-15 17:11:49,Announcing that vaccines are available before having a distribution plan is like starting the countdown to a sub's‚Ä¶ https://t.co/QxNkESrdRu,0,7,0,1,139,,0,Twitter for Android
jessmckennitt,9,788,1,Toronto ,82,422,5075,1382743476043984897,2021-04-15 17:11:49,@AmeliaHouchins I‚Äôm so sorry that happened. I‚Äôm here to say that your picture picture is beautiful- some people suck!,0,0,0,0,117,,1,Twitter for iPhone
bryana_x_,7,8878,0,,213,137,6430,1382743475997843469,2021-04-15 17:11:49,‚ÄúYour call is very important to us‚Äù okay so answer itüôÑ,0,0,0,0,54,,0,Twitter for iPhone
VaporMemory,5,5832,22,"Florida, USA",6499,1116,11532,1382743475976867843,2021-04-15 17:11:49,Can someone please direct me to that Twitter account that assists with unfair YouTube strikes? I‚Äôve received anothe‚Ä¶ https://t.co/lTx0LZeN09,3,9,0,1,140,,0,Twitter for iPhone
bfccommunity,6,8486,23,"Barnsley, England",3220,559,1951,1382743475943305216,2021-04-15 17:11:49,"ùó©ùóîùóñùóîùó°ùóñùó¨: Community Coach

Reds in the Community is seeking an enthusiastic Community Coach to join our team and del‚Ä¶ https://t.co/zCr3HlWTTr",1,1,0,1,140,,0,Loomly
NoorainAhmed1,10,15137,1,Your Duas ,1907,232,39585,1382743475905466368,2021-04-15 17:11:49,@Aishasyed02 @ElShabazzz Watch your tongue kid. Iv been civil doesn‚Äôt mean you speak to me and say whatever. The on‚Ä¶ https://t.co/C6KyHwWM1t,0,1,0,1,140,,2,Twitter for iPhone
KrystenHansyn,5,3974,33,Nationwide,515,956,2347,1382743475905449986,2021-04-15 17:11:49,The reason I suggested to call 911 is because when someone‚Äôs that intoxicated abs has the pure tips to hurt themsel‚Ä¶ https://t.co/w50NgDzBjd,0,0,0,1,140,,0,Twitter for iPhone
dynniekkuno,3,11006,1,Vi·ªát Nam,386,359,29872,1382743475821576194,2021-04-15 17:11:49,"Anyway, clearly there are so many reasons fans being existed. Not just want to date, they feel relateable and appre‚Ä¶ https://t.co/0vkT1r0pBF",0,1,0,1,140,,0,Twitter for Android
lewlynch66,10,5847,5,preston,300,661,808,1382743475758759945,2021-04-15 17:11:49,Squad news. 2 missing tonight. Booth out with a broken ankle and Magora is unavailable,0,0,0,0,86,,0,Twitter for Android
ConsumeAbook,3,1021,0,,194,116,24,1382743475758755843,2021-04-15 17:11:49,A compelling book by Kelly Inviere - @kellyinviere A memoir in poetry form. The book is about rebirth and inspirati‚Ä¶ https://t.co/BSPCO2QwiT,0,0,0,1,140,,1,Twitter Web App
Superflames1291,1,1966,0,"Birmingham, England",21,18,16,1382743475721019395,2021-04-15 17:11:49,Trading 4 legendary nfr turtles for bubble gumsimulator secret pets only best offer is angelic spirit and dark radi‚Ä¶ https://t.co/vL7HHp547i,0,0,0,1,140,,0,Twitter for iPhone
whoisteezy,11,305315,43,DET ‚úàÔ∏è ATL,4018,1518,39747,1382743475720970240,2021-04-15 17:11:49,"@hyrering is currently looking for CDL Class A drivers. üööüöõ 

DM me for more info. ‚úîÔ∏è https://t.co/W9dX14pD8z",0,0,0,0,108,,1,Twitter for iPhone
LoveThePuck,12,350763,89,Land of the Cross Check ,7605,1838,426,1382743475687411715,2021-04-15 17:11:49,@TheBoyWhoWrote I'm so glad I don't know who that is...,0,0,0,0,55,,1,Twitter Web App
Neodyne_,3,20608,4,"Living in, like, my attic",322,186,19710,1382743475532267523,2021-04-15 17:11:49,Frokcord is gone this is so sad,0,1,0,0,31,,0,Twitter Web App
asktja,9,70255,7,,746,905,28040,1382743475465162759,2021-04-15 17:11:49,@JackObinyan Why is he lying ü§•?,0,0,0,0,31,,1,Twitter for iPhone
Alex37731,5,1215,0,,70,309,7834,1382743475423223814,2021-04-15 17:11:49,"@nunyabiz009 If health care pros questioned the ‚Äúexpert‚Äù psychologists/therapists on this, if they were able to kee‚Ä¶ https://t.co/AQpTPLufXa",0,1,0,1,140,,1,Twitter for iPhone
OlympusGamingTV,6,4594,4,"Houston, TX",204,292,8653,1382743475410530308,2021-04-15 17:11:49,Why is it when Twitch Support post an update or a new feature... people automatically start complaining. Why is the‚Ä¶ https://t.co/9YCgrNsp8k,0,1,0,1,140,,0,Twitter Web App
seaofcakes,5,1579,0,,21,125,4191,1382743475377016838,2021-04-15 17:11:49,do they make anxiety vests for humans or is that just a straight jacket????? https://t.co/cITG8FGYX5,0,0,0,0,100,,0,Twitter for iPhone
PrissyPrivilege,6,12595,11,"‚ú®Charlotte, NC‚ú®",181,136,37471,1382743475347730433,2021-04-15 17:11:49,"@UntamedVoice32 here we are bro smh, but we can‚Äôt let it drive us insane. The fact that they‚Äôre really evil here, i‚Ä¶ https://t.co/sCKdV5Vf9V",0,0,0,1,140,,1,Twitter for iPhone
TeamGHitsNaija,6,44592,5,Worldwide || +2348135344573,408,58,7,1382743475204988928,2021-04-15 17:11:49,DOWNLOAD MP3: Blessings Ng ‚Äì ‚ÄúHis Name Is Jesus‚Äù ||¬†@Blessingsng1 https://t.co/M5Doxavwmw,0,0,0,1,89,,1,WordPress.com
amt17,12,12077,0,,2830,3079,21436,1382743475200913409,2021-04-15 17:11:49,@tribelaw @KansasResisters @JoeBiden I bet Trump is somewhere crying.,0,1,0,0,69,,3,Twitter for iPhone
JesusConfucius,4,216457,0,,9,0,0,1382743475192483841,2021-04-15 17:11:49,"Who touched my clothes? ...Without knowing the force of words, it is impossible to know men.",0,0,0,0,92,,0,"Cheap Bots, Done Quick!"
yellowdust888,1,16669,4,wherever,412,452,30344,1382743475184013316,2021-04-15 17:11:49,@fawfulfan Only way this happens is if Dems punt like they did in 2018.,0,0,0,0,71,,1,Twitter for iPhone
ElizabethRenter,12,28719,198,Kansas,5408,1964,1563,1382743475175579648,2021-04-15 17:11:49,"Retail spending in March is expected to be up 28% YoY, with the biggest gains at auto dealers (+75%), clothing stor‚Ä¶ https://t.co/EkYppESC3m",0,0,0,1,140,,0,TweetDeck
alexh459,1,4799,13,Free Objection Handling Course,2197,975,5408,1382743475150536704,2021-04-15 17:11:49,"When I can sell in a consulting manner our close rate is definitely much higher 

This is why sales reps should be‚Ä¶ https://t.co/NvPIlrHaS4",0,0,0,1,139,,0,Twitter for iPhone
serkalemdu,5,17,0,,2,121,8,1382743475129581570,2021-04-15 17:11:49,"@Davidofegypt @abiyalew @MinY_Abbas From your shallow , self centred, unprofessional reply it is easy to understand‚Ä¶ https://t.co/hCNDrfN4JJ",0,0,0,1,140,,3,Twitter for iPhone
Flash1617,12,8911,2,Chicago IL,131,575,29641,1382743475112845314,2021-04-15 17:11:49,"@Grand__Master_M It's facts tho, that nigga started unraveling after he found out from Louie that Reed Thompson was‚Ä¶ https://t.co/bGWNen2KEV",0,0,0,1,140,,1,Twitter for Android
ahend14,7,3624,1,502,241,94,37287,1382743475083477000,2021-04-15 17:11:49,in further proof that having ‚Äúthe perfect wedding‚Äù is ridiculous; lindsey and i can‚Äôt remember what song she walked‚Ä¶ https://t.co/TSHs4NEx9y,0,1,0,1,140,,0,Twitter for iPhone
HansontheBike,9,17570,125,"Ottawa, Canada",2762,43,5089,1382743475079278600,2021-04-15 17:11:49,@asselsm @OttawaMorning My idea was to show where you could bike safely. I have indeed been a bit liberal in a few‚Ä¶ https://t.co/ekIJJJyOIo,0,0,0,1,139,,2,Twitter for iPhone
OmniofGG,6,3609,0,No-where Land,34,138,17552,1382743475024769029,2021-04-15 17:11:49,I think it's time for another pep talk. I find the hardest thing to do is talk to yourself. Cheering yourself up it‚Ä¶ https://t.co/btnSHQfvVk,0,0,0,1,140,,0,Twitter for Android
TheWolfVox,5,304,0,,2,18,3,1382743474999549956,2021-04-15 17:11:49,@edmundmcmillen found a bug when you enter the mother room in mines 2 with bumbo on eny Level after you leave the r‚Ä¶ https://t.co/CY9dEMoTBp,0,0,0,1,140,,1,Twitter Web App
mnsebourn,9,31163,71,Arkansas,2384,2356,26822,1382743474970128385,2021-04-15 17:11:49,@THETYFRANKEL @mylifeasrobby There‚Äôs an awful lot of this country in which 400k a year is NOT low‚Äî*and* you can see‚Ä¶ https://t.co/IqrFLAdoSh,0,0,0,1,140,,2,Twitter for iPhone
BLAKPowderChan1,1,5104,1,,389,179,12695,1382743474957520898,2021-04-15 17:11:49,"Fla. Mom of 4 Is Accidentally Killed by Her Neighbor, Whose Gun Discharged While He Was Cleaning It‚Ä¶ https://t.co/x5sdN60Nn6",0,0,0,1,124,,0,Twitter Web App
NIGGALlCIOUS,9,39410,35,DC/LA | 22,13143,1110,94624,1382743474953408514,2021-04-15 17:11:49,venus is in taurus and just happened to be talking to my therapist about my past romantic relationships and getting‚Ä¶ https://t.co/jc8V7w623D,0,7,0,1,140,,0,Twitter for iPhone
Slim_Milliee,5,17541,3,"Dallas, TX",1658,1700,46271,1382743474902999041,2021-04-15 17:11:49,@moxiepopp Yea that year is coming so fast!,0,0,0,0,43,,1,Twitter for iPhone
NT78stonewobble,6,26900,3,,41,13,4521,1382743474886352896,2021-04-15 17:11:49,@tonygoldmark Just a single intelligent person with a convincing argument... Sadly you nor anyone that agrees with you is that person.,0,0,0,0,134,,1,Twitter for Android
GininaTeacup1,2,19538,2,,885,1177,8334,1382743474844368903,2021-04-15 17:11:49,@rtenews @ronan_glynn #LeoTheLiar is threatening to withhold life saving medicine from those aged 60-69 until the v‚Ä¶ https://t.co/6779NmKnP5,1,2,1,1,140,,2,Twitter for iPad
MajorCrimesMemo,3,461,0,,277,130,530,1382743474794082309,2021-04-15 17:11:49,"Amy: ""This little opus is An American Manifesto. 500 pages.""
Provenza: ""I¬¥ll wait for the movie.""
@KearranGiovanni‚Ä¶ https://t.co/3l1nn3NyuY",0,0,0,1,139,,1,Twitter Web App
nsanzumuhire_,7,6262,0,Kigali,497,814,8308,1382743474768855041,2021-04-15 17:11:49,"Nutrition is underrated, I think everyone deserves to know a little bit of nutrition it's not for nutritionists or‚Ä¶ https://t.co/0aD7iNXs3L",0,1,0,1,139,,0,Twitter for Android
matmansd,12,2571,4,United States,127,434,1815,1382743474726866951,2021-04-15 17:11:49,@TeslaFSD The only thing I can think of is power consumption?,0,0,0,0,61,,1,Twitter for iPhone
TravellingSou10,1,178,0,,15,28,55,1382743474714288132,2021-04-15 17:11:49,"Indian Railways is undertaking intensive cleaning, disinfection of trains &amp; station premises regularly to contain t‚Ä¶ https://t.co/YQtYc8XLpS",0,1,0,1,144,"New Delhi, India",0,Twitter for iPhone
MadAboutMari,0,1603,0,"Northampton, England",84,167,6916,1382743474710122504,2021-04-15 17:11:49,"@piersmorgan If people say the Monarchy is detached and unrelatable, then surely those calls would be reinforced by‚Ä¶ https://t.co/KoYQoKREXh",0,0,0,1,140,,1,Twitter for Android
i_stanKohli18,4,47158,10,In Mountains.,1900,185,23959,1382743474651287552,2021-04-15 17:11:49,Still the danger man is out there.,0,1,0,0,34,,0,Twitter for Android
varun_official7,1,696,0,"Surat, India",74,20,731,1382743474647101441,2021-04-15 17:11:49,"This is my humble request to all the state board students.
Agar #cbse walo ki exams cancel ho gyi hai to hamari bhi‚Ä¶ https://t.co/X25Xtutf0j",1,1,1,1,140,India,0,Twitter for Android
bankvfx,2,6160,3,XRP / RIP claude,1517,343,17539,1382743474638876677,2021-04-15 17:11:49,@soiIlan it is a shocker of a song,0,0,0,0,34,,1,Twitter Web App
BaoilleachD,2,69,8,"Donegal, Ireland",369,570,268,1382743474638831620,2021-04-15 17:11:49,"@whiskeyauction @YouTube @KillowenWhiskey Big Thanks to Irish Whiskey Auctions for the shout out and support, hope‚Ä¶ https://t.co/qOHd7aSzyK",0,0,0,1,139,,3,Twitter for Android
